2026-09-19T05:25:240.877Z,1.052735,Logger,INFO Logger initialized
2026-09-19T05:25:240.583Z,1.758388,Incoming:FadeIn,INFO Instance: FadeIn (RemoteEvent)
	Path: game:GetService("ReplicatedStorage").Events.FadeIn
	Status: Allowed
	Call Order In Log: 1
	-------------------- Event Data --------------------
	{
    CallOrderInLog = 1,
    DataFromHook = {
        Function = function()
            --[[Name: Anonymous Function | Line: 865
            Upvalues: 2
            Function Hash: 3458463f3d50938eda3ef27f3e28a60494a22cea391caa5503ced01c2214545a6ef7de1e94b89a5e096d825e00d98cd8
            LuaEncode: Unable to serialize function]]
            return
        end,
        Arguments = {
            n = 0
        },
        Origin = game:GetService("Players").LocalPlayer.PlayerScripts.LocalRound,
        IsExecutor = false,
        CreationTime = 1789824324.482
    },
    EventType = "Incoming",
    RemoteInstanceInfo = {
        Path = "game:GetService(\"ReplicatedStorage\").Events.FadeIn",
        Name = "FadeIn",
        ClassName = "RemoteEvent"
    }
}
	-------------------- Generated Code --------------------
	-- This code was generated by Cobalt
-- https://gitlab.com/upio/cobalt

local Event = game:GetService("ReplicatedStorage").Events.FadeIn
firesignal(Event.OnClientEvent)
2026-09-19T05:25:260.620Z,3.795383,Incoming:NewRound,INFO Instance: NewRound (RemoteEvent)
	Path: game:GetService("ReplicatedStorage").Events.NewRound
	Status: Allowed
	Call Order In Log: 1
	-------------------- Event Data --------------------
	{
    CallOrderInLog = 1,
    DataFromHook = {
        Function = function(arg1, arg2, arg3)
            --[[Name: Anonymous Function | Line: 169
            Upvalues: 16
            Function Hash: 08d6af1761a37d1cee75bbe04b3b4cf7b7996072b6e030824bd4a6f23c135922713ab0f268dc57ad584bc431bdedfeea
            LuaEncode: Unable to serialize function]]
            return
        end,
        Arguments = {
            "Medic",
            "Classic",
            CFrame.new(1148.9978027344, 8.6955337524414, 146.92872619629, -1, 0, 0, 0, 1, 0, 0, 0, -1),
            n = 3
        },
        Origin = game:GetService("Players").LocalPlayer.PlayerScripts.LocalRound,
        IsExecutor = false,
        CreationTime = 1789824326.4768
    },
    EventType = "Incoming",
    RemoteInstanceInfo = {
        Path = "game:GetService(\"ReplicatedStorage\").Events.NewRound",
        Name = "NewRound",
        ClassName = "RemoteEvent"
    }
}
	-------------------- Generated Code --------------------
	-- This code was generated by Cobalt
-- https://gitlab.com/upio/cobalt

local Event = game:GetService("ReplicatedStorage").Events.NewRound
firesignal(Event.OnClientEvent, 
    "Medic",
    "Classic",
    CFrame.new(1148.9978027344, 8.6955337524414, 146.92872619629, -1, 0, 0, 0, 1, 0, 0, 0, -1)
)
2026-09-19T05:25:270.594Z,4.769403,Incoming:FadeOut,INFO Instance: FadeOut (RemoteEvent)
	Path: game:GetService("ReplicatedStorage").Events.FadeOut
	Status: Allowed
	Call Order In Log: 1
	-------------------- Event Data --------------------
	{
    CallOrderInLog = 1,
    DataFromHook = {
        Function = function()
            --[[Name: Anonymous Function | Line: 889
            Upvalues: 2
            Function Hash: 9f6d916c1cfb0edc0226a47c155ddbe5234be89ec104ecf3943a583c8f7e3403df226000afa11cb047320ea3198218a6
            LuaEncode: Unable to serialize function]]
            return
        end,
        Arguments = {
            n = 0
        },
        Origin = game:GetService("Players").LocalPlayer.PlayerScripts.LocalRound,
        IsExecutor = false,
        CreationTime = 1789824327.4661
    },
    EventType = "Incoming",
    RemoteInstanceInfo = {
        Path = "game:GetService(\"ReplicatedStorage\").Events.FadeOut",
        Name = "FadeOut",
        ClassName = "RemoteEvent"
    }
}
	-------------------- Generated Code --------------------
	-- This code was generated by Cobalt
-- https://gitlab.com/upio/cobalt

local Event = game:GetService("ReplicatedStorage").Events.FadeOut
firesignal(Event.OnClientEvent)
2026-09-19T05:25:400.254Z,17.428965,Incoming:Stab,INFO Instance: Stab (RemoteEvent)
	Path: game:GetService("ReplicatedStorage").Events.Stab
	Status: Allowed
	Call Order In Log: 1
	-------------------- Event Data --------------------
	{
    CallOrderInLog = 1,
    DataFromHook = {
        Function = function(arg1)
            --[[Name: Anonymous Function | Line: 329
            Upvalues: 2
            Function Hash: 3861402f0c018b0365dd8032d742c5e0bf789fa2b256b2f45db79b98ff1f1fb672699ac2fb8f403b80556d8eb7312ba1
            LuaEncode: Unable to serialize function]]
            return
        end,
        Arguments = {
            workspace.joebeth89.Knife.Hold,
            n = 1
        },
        Origin = game:GetService("Players").LocalPlayer.PlayerScripts.KnifeReplication,
        IsExecutor = false,
        CreationTime = 1789824340.1723
    },
    EventType = "Incoming",
    RemoteInstanceInfo = {
        Path = "game:GetService(\"ReplicatedStorage\").Events.Stab",
        Name = "Stab",
        ClassName = "RemoteEvent"
    }
}
	-------------------- Generated Code --------------------
	-- This code was generated by Cobalt
-- https://gitlab.com/upio/cobalt

local Event = game:GetService("ReplicatedStorage").Events.Stab
firesignal(Event.OnClientEvent, 
    workspace.joebeth89.Knife.Hold
)
2026-09-19T05:25:410.523Z,18.698501,Incoming:Throw,INFO Instance: Throw (RemoteEvent)
	Path: game:GetService("ReplicatedStorage").Events.Throw
	Status: Allowed
	Call Order In Log: 1
	-------------------- Event Data --------------------
	{
    CallOrderInLog = 1,
    DataFromHook = {
        Function = function(arg1, arg2, arg3, arg4, arg5, arg6, arg7, arg8)
            --[[Name: Anonymous Function | Line: 320
            Upvalues: 0
            Function Hash: 277e19e1359a2bf76a657bf7dc7297aa13397724aafe1ebe11da13a1dbf204aab87c6acd52a47331f187c0b342321b65
            LuaEncode: Unable to serialize function]]
            return
        end,
        Arguments = {
            workspace.CurrentMap["Da Warehouse"].Map:GetChildren()[396],
            Vector3.new(1123.8823242188, 19.99631690979, -4.0728731155396),
            Vector3.new(0, 1, 0),
            workspace.joebeth89.Knife.Hold,
            0.011111111111111,
            1,
            {
                Perk = "Thug Trap",
                Upgrade = "Explosive Knife"
            },
            1789795541.0722,
            n = 8
        },
        Origin = game:GetService("Players").LocalPlayer.PlayerScripts.KnifeReplication,
        IsExecutor = false,
        CreationTime = 1789824341.3865
    },
    EventType = "Incoming",
    RemoteInstanceInfo = {
        Path = "game:GetService(\"ReplicatedStorage\").Events.Throw",
        Name = "Throw",
        ClassName = "RemoteEvent"
    }
}
	-------------------- Generated Code --------------------
	-- This code was generated by Cobalt
-- https://gitlab.com/upio/cobalt

local Event = game:GetService("ReplicatedStorage").Events.Throw
firesignal(Event.OnClientEvent, 
    workspace.CurrentMap["Da Warehouse"].Map:GetChildren()[396],
    Vector3.new(1123.8823242188, 19.99631690979, -4.0728731155396),
    Vector3.new(0, 1, 0),
    workspace.joebeth89.Knife.Hold,
    0.011111111111111,
    1,
    {
        Perk = "Thug Trap",
        Upgrade = "Explosive Knife"
    },
    1789795541.0722
)
2026-09-19T05:25:430.524Z,20.699070,Incoming:Throw,INFO Instance: Throw (RemoteEvent)
	Path: game:GetService("ReplicatedStorage").Events.Throw
	Status: Allowed
	Call Order In Log: 2
	-------------------- Event Data --------------------
	{
    CallOrderInLog = 2,
    DataFromHook = {
        Function = function(arg1, arg2, arg3, arg4, arg5, arg6, arg7, arg8)
            --[[Name: Anonymous Function | Line: 320
            Upvalues: 0
            Function Hash: 277e19e1359a2bf76a657bf7dc7297aa13397724aafe1ebe11da13a1dbf204aab87c6acd52a47331f187c0b342321b65
            LuaEncode: Unable to serialize function]]
            return
        end,
        Arguments = {
            workspace.CurrentMap["Da Warehouse"].Map:GetChildren()[396],
            Vector3.new(1160.2760009766, 19.99631690979, 3.4660472869873),
            Vector3.new(0, 1, 0),
            workspace.joebeth89.Knife.Hold,
            0.011111111111111,
            1,
            {
                Perk = "Thug Trap",
                Upgrade = "Explosive Knife"
            },
            1789795543.264,
            n = 8
        },
        Origin = game:GetService("Players").LocalPlayer.PlayerScripts.KnifeReplication,
        IsExecutor = false,
        CreationTime = 1789824343.4463
    },
    EventType = "Incoming",
    RemoteInstanceInfo = {
        Path = "game:GetService(\"ReplicatedStorage\").Events.Throw",
        Name = "Throw",
        ClassName = "RemoteEvent"
    }
}
	-------------------- Generated Code --------------------
	-- This code was generated by Cobalt
-- https://gitlab.com/upio/cobalt

local Event = game:GetService("ReplicatedStorage").Events.Throw
firesignal(Event.OnClientEvent, 
    workspace.CurrentMap["Da Warehouse"].Map:GetChildren()[396],
    Vector3.new(1160.2760009766, 19.99631690979, 3.4660472869873),
    Vector3.new(0, 1, 0),
    workspace.joebeth89.Knife.Hold,
    0.011111111111111,
    1,
    {
        Perk = "Thug Trap",
        Upgrade = "Explosive Knife"
    },
    1789795543.264
)
2026-09-19T05:25:440.321Z,21.496029,Incoming:Stab,INFO Instance: Stab (RemoteEvent)
	Path: game:GetService("ReplicatedStorage").Events.Stab
	Status: Allowed
	Call Order In Log: 2
	-------------------- Event Data --------------------
	{
    CallOrderInLog = 2,
    DataFromHook = {
        Function = function(arg1)
            --[[Name: Anonymous Function | Line: 329
            Upvalues: 2
            Function Hash: 3861402f0c018b0365dd8032d742c5e0bf789fa2b256b2f45db79b98ff1f1fb672699ac2fb8f403b80556d8eb7312ba1
            LuaEncode: Unable to serialize function]]
            return
        end,
        Arguments = {
            workspace.joebeth89.Knife.Hold,
            n = 1
        },
        Origin = game:GetService("Players").LocalPlayer.PlayerScripts.KnifeReplication,
        IsExecutor = false,
        CreationTime = 1789824344.2686
    },
    EventType = "Incoming",
    RemoteInstanceInfo = {
        Path = "game:GetService(\"ReplicatedStorage\").Events.Stab",
        Name = "Stab",
        ClassName = "RemoteEvent"
    }
}
	-------------------- Generated Code --------------------
	-- This code was generated by Cobalt
-- https://gitlab.com/upio/cobalt

local Event = game:GetService("ReplicatedStorage").Events.Stab
firesignal(Event.OnClientEvent, 
    workspace.joebeth89.Knife.Hold
)
2026-09-19T05:25:440.601Z,21.776166,Incoming:KnifeHit,INFO Instance: KnifeHit (RemoteEvent)
	Path: game:GetService("ReplicatedStorage").Events.KnifeHit
	Status: Allowed
	Call Order In Log: 1
	-------------------- Event Data --------------------
	{
    CallOrderInLog = 1,
    DataFromHook = {
        Function = function(arg1, arg2)
            --[[Name: Anonymous Function | Line: 324
            Upvalues: 1
            Function Hash: 94f43b81f8008cf6fbbb9c34189f2bd258738e803e4a551198173fef7e349aff352862380b1f1cff43f23b849c3ead97
            LuaEncode: Unable to serialize function]]
            return
        end,
        Arguments = {
            workspace.dodonee_1006.HumanoidRootPart,
            "Yellow Bat",
            n = 2
        },
        Origin = game:GetService("Players").LocalPlayer.PlayerScripts.KnifeReplication,
        IsExecutor = false,
        CreationTime = 1789824344.4942
    },
    EventType = "Incoming",
    RemoteInstanceInfo = {
        Path = "game:GetService(\"ReplicatedStorage\").Events.KnifeHit",
        Name = "KnifeHit",
        ClassName = "RemoteEvent"
    }
}
	-------------------- Generated Code --------------------
	-- This code was generated by Cobalt
-- https://gitlab.com/upio/cobalt

local Event = game:GetService("ReplicatedStorage").Events.KnifeHit
firesignal(Event.OnClientEvent, 
    workspace.dodonee_1006.HumanoidRootPart,
    "Yellow Bat"
)
2026-09-19T05:25:450.904Z,22.079072,Incoming:Stab,INFO Instance: Stab (RemoteEvent)
	Path: game:GetService("ReplicatedStorage").Events.Stab
	Status: Allowed
	Call Order In Log: 3
	-------------------- Event Data --------------------
	{
    CallOrderInLog = 3,
    DataFromHook = {
        Function = function(arg1)
            --[[Name: Anonymous Function | Line: 329
            Upvalues: 2
            Function Hash: 3861402f0c018b0365dd8032d742c5e0bf789fa2b256b2f45db79b98ff1f1fb672699ac2fb8f403b80556d8eb7312ba1
            LuaEncode: Unable to serialize function]]
            return
        end,
        Arguments = {
            workspace.joebeth89.Knife.Hold,
            n = 1
        },
        Origin = game:GetService("Players").LocalPlayer.PlayerScripts.KnifeReplication,
        IsExecutor = false,
        CreationTime = 1789824344.8372
    },
    EventType = "Incoming",
    RemoteInstanceInfo = {
        Path = "game:GetService(\"ReplicatedStorage\").Events.Stab",
        Name = "Stab",
        ClassName = "RemoteEvent"
    }
}
	-------------------- Generated Code --------------------
	-- This code was generated by Cobalt
-- https://gitlab.com/upio/cobalt

local Event = game:GetService("ReplicatedStorage").Events.Stab
firesignal(Event.OnClientEvent, 
    workspace.joebeth89.Knife.Hold
)
2026-09-19T05:25:580.850Z,35.025762,Incoming:Throw,INFO Instance: Throw (RemoteEvent)
	Path: game:GetService("ReplicatedStorage").Events.Throw
	Status: Allowed
	Call Order In Log: 3
	-------------------- Event Data --------------------
	{
    CallOrderInLog = 3,
    DataFromHook = {
        Function = function(arg1, arg2, arg3, arg4, arg5, arg6, arg7, arg8)
            --[[Name: Anonymous Function | Line: 320
            Upvalues: 0
            Function Hash: 277e19e1359a2bf76a657bf7dc7297aa13397724aafe1ebe11da13a1dbf204aab87c6acd52a47331f187c0b342321b65
            LuaEncode: Unable to serialize function]]
            return
        end,
        Arguments = {
            workspace.CurrentMap["Da Warehouse"].Map:GetChildren()[396],
            Vector3.new(1120.869140625, 19.99631690979, 11.397844314575),
            Vector3.new(0, 1, 0),
            workspace.joebeth89.Knife.Hold,
            0.011111111111111,
            1,
            {
                Perk = "Thug Trap",
                Upgrade = "Explosive Knife"
            },
            1789795557.5339,
            n = 8
        },
        Origin = game:GetService("Players").LocalPlayer.PlayerScripts.KnifeReplication,
        IsExecutor = false,
        CreationTime = 1789824357.7603
    },
    EventType = "Incoming",
    RemoteInstanceInfo = {
        Path = "game:GetService(\"ReplicatedStorage\").Events.Throw",
        Name = "Throw",
        ClassName = "RemoteEvent"
    }
}
	-------------------- Generated Code --------------------
	-- This code was generated by Cobalt
-- https://gitlab.com/upio/cobalt

local Event = game:GetService("ReplicatedStorage").Events.Throw
firesignal(Event.OnClientEvent, 
    workspace.CurrentMap["Da Warehouse"].Map:GetChildren()[396],
    Vector3.new(1120.869140625, 19.99631690979, 11.397844314575),
    Vector3.new(0, 1, 0),
    workspace.joebeth89.Knife.Hold,
    0.011111111111111,
    1,
    {
        Perk = "Thug Trap",
        Upgrade = "Explosive Knife"
    },
    1789795557.5339
)
2026-09-19T05:25:590.709Z,36.884628,Incoming:QuestRemote,INFO Instance: QuestRemote (RemoteEvent)
	Path: game:GetService("ReplicatedStorage").QuestRemote
	Status: Allowed
	Call Order In Log: 1
	-------------------- Event Data --------------------
	{
    CallOrderInLog = 1,
    DataFromHook = {
        Function = function(arg1, arg2, arg3, arg4)
            --[[Name: Anonymous Function | Line: 103
            Upvalues: 3
            Function Hash: 853b1c5d2d13a43bd1dd2f80dad700a08c3323c55b3ed552400ca3d2869662af79958ea28c02403904cfcf12cfe69092
            LuaEncode: Unable to serialize function]]
            return
        end,
        Arguments = {
            {
                NeededProgress = 200,
                Description = "Collect %s/200 Coins!"
            },
            "Collect 200 Coins",
            34,
            "Update",
            n = 4
        },
        Origin = game:GetService("Players").LocalPlayer.PlayerScripts.QuestHandler,
        IsExecutor = false,
        CreationTime = 1789824359.5137
    },
    EventType = "Incoming",
    RemoteInstanceInfo = {
        Path = "game:GetService(\"ReplicatedStorage\").QuestRemote",
        Name = "QuestRemote",
        ClassName = "RemoteEvent"
    }
}
	-------------------- Generated Code --------------------
	-- This code was generated by Cobalt
-- https://gitlab.com/upio/cobalt

local Event = game:GetService("ReplicatedStorage").QuestRemote
firesignal(Event.OnClientEvent, 
    {
        NeededProgress = 200,
        Description = "Collect %s/200 Coins!"
    },
    "Collect 200 Coins",
    34,
    "Update"
)
2026-09-19T05:26:000.824Z,36.999111,Incoming:CoinsVFX,INFO Instance: CoinsVFX (RemoteEvent)
	Path: game:GetService("ReplicatedStorage").Events.CoinsVFX
	Status: Allowed
	Call Order In Log: 1
	-------------------- Event Data --------------------
	{
    CallOrderInLog = 1,
    DataFromHook = {
        Function = function(arg1, arg2, arg3, arg4)
            --[[Name: handle_coins_remote | Line: 165
            Upvalues: 3
            Function Hash: 659278b0711715b38d0d49ce4becee2a4a99edd641d0978c45cf4b3faa3f4262c0ae3801725d8f2842160440ca6e3326
            LuaEncode: Unable to serialize function]]
            return
        end,
        Arguments = {
            Vector3.new(1147, 38.245998382568, 53.5),
            10,
            10,
            "Coins",
            n = 4
        },
        Origin = game:GetService("Players").LocalPlayer.PlayerScripts.CoinsDropHandler,
        IsExecutor = false,
        CreationTime = 1789824359.6161
    },
    EventType = "Incoming",
    RemoteInstanceInfo = {
        Path = "game:GetService(\"ReplicatedStorage\").Events.CoinsVFX",
        Name = "CoinsVFX",
        ClassName = "RemoteEvent"
    }
}
	-------------------- Generated Code --------------------
	-- This code was generated by Cobalt
-- https://gitlab.com/upio/cobalt

local Event = game:GetService("ReplicatedStorage").Events.CoinsVFX
firesignal(Event.OnClientEvent, 
    Vector3.new(1147, 38.245998382568, 53.5),
    10,
    10,
    "Coins"
)
2026-09-19T05:26:010.120Z,38.295190,Incoming:Throw,INFO Instance: Throw (RemoteEvent)
	Path: game:GetService("ReplicatedStorage").Events.Throw
	Status: Allowed
	Call Order In Log: 4
	-------------------- Event Data --------------------
	{
    CallOrderInLog = 4,
    DataFromHook = {
        Function = function(arg1, arg2, arg3, arg4, arg5, arg6, arg7, arg8)
            --[[Name: Anonymous Function | Line: 320
            Upvalues: 0
            Function Hash: 277e19e1359a2bf76a657bf7dc7297aa13397724aafe1ebe11da13a1dbf204aab87c6acd52a47331f187c0b342321b65
            LuaEncode: Unable to serialize function]]
            return
        end,
        Arguments = {
            workspace.CurrentMap["Da Warehouse"].Map:GetChildren()[309],
            Vector3.new(1147.4205322266, 45.512245178223, 29.029125213623),
            Vector3.new(0, 0, -1),
            workspace.joebeth89.Knife.Hold,
            0.011111111111111,
            1,
            {
                Perk = "Thug Trap",
                Upgrade = "Explosive Knife"
            },
            1789795560.8294,
            n = 8
        },
        Origin = game:GetService("Players").LocalPlayer.PlayerScripts.KnifeReplication,
        IsExecutor = false,
        CreationTime = 1789824361.0264
    },
    EventType = "Incoming",
    RemoteInstanceInfo = {
        Path = "game:GetService(\"ReplicatedStorage\").Events.Throw",
        Name = "Throw",
        ClassName = "RemoteEvent"
    }
}
	-------------------- Generated Code --------------------
	-- This code was generated by Cobalt
-- https://gitlab.com/upio/cobalt

local Event = game:GetService("ReplicatedStorage").Events.Throw
firesignal(Event.OnClientEvent, 
    workspace.CurrentMap["Da Warehouse"].Map:GetChildren()[309],
    Vector3.new(1147.4205322266, 45.512245178223, 29.029125213623),
    Vector3.new(0, 0, -1),
    workspace.joebeth89.Knife.Hold,
    0.011111111111111,
    1,
    {
        Perk = "Thug Trap",
        Upgrade = "Explosive Knife"
    },
    1789795560.8294
)
2026-09-19T05:26:030.853Z,40.027979,Incoming:QuestRemote,INFO Instance: QuestRemote (RemoteEvent)
	Path: game:GetService("ReplicatedStorage").QuestRemote
	Status: Allowed
	Call Order In Log: 2
	-------------------- Event Data --------------------
	{
    CallOrderInLog = 2,
    DataFromHook = {
        Function = function(arg1, arg2, arg3, arg4)
            --[[Name: Anonymous Function | Line: 103
            Upvalues: 3
            Function Hash: 853b1c5d2d13a43bd1dd2f80dad700a08c3323c55b3ed552400ca3d2869662af79958ea28c02403904cfcf12cfe69092
            LuaEncode: Unable to serialize function]]
            return
        end,
        Arguments = {
            {
                NeededProgress = 200,
                Description = "Collect %s/200 Coins!"
            },
            "Collect 200 Coins",
            35,
            "Update",
            n = 4
        },
        Origin = game:GetService("Players").LocalPlayer.PlayerScripts.QuestHandler,
        IsExecutor = false,
        CreationTime = 1789824362.7297
    },
    EventType = "Incoming",
    RemoteInstanceInfo = {
        Path = "game:GetService(\"ReplicatedStorage\").QuestRemote",
        Name = "QuestRemote",
        ClassName = "RemoteEvent"
    }
}
	-------------------- Generated Code --------------------
	-- This code was generated by Cobalt
-- https://gitlab.com/upio/cobalt

local Event = game:GetService("ReplicatedStorage").QuestRemote
firesignal(Event.OnClientEvent, 
    {
        NeededProgress = 200,
        Description = "Collect %s/200 Coins!"
    },
    "Collect 200 Coins",
    35,
    "Update"
)
2026-09-19T05:26:030.915Z,40.090751,Incoming:CoinsVFX,INFO Instance: CoinsVFX (RemoteEvent)
	Path: game:GetService("ReplicatedStorage").Events.CoinsVFX
	Status: Allowed
	Call Order In Log: 2
	-------------------- Event Data --------------------
	{
    CallOrderInLog = 2,
    DataFromHook = {
        Function = function(arg1, arg2, arg3, arg4)
            --[[Name: handle_coins_remote | Line: 165
            Upvalues: 3
            Function Hash: 659278b0711715b38d0d49ce4becee2a4a99edd641d0978c45cf4b3faa3f4262c0ae3801725d8f2842160440ca6e3326
            LuaEncode: Unable to serialize function]]
            return
        end,
        Arguments = {
            Vector3.new(1108, 38.245998382568, 61.5),
            10,
            10,
            "Coins",
            n = 4
        },
        Origin = game:GetService("Players").LocalPlayer.PlayerScripts.CoinsDropHandler,
        IsExecutor = false,
        CreationTime = 1789824362.7911
    },
    EventType = "Incoming",
    RemoteInstanceInfo = {
        Path = "game:GetService(\"ReplicatedStorage\").Events.CoinsVFX",
        Name = "CoinsVFX",
        ClassName = "RemoteEvent"
    }
}
	-------------------- Generated Code --------------------
	-- This code was generated by Cobalt
-- https://gitlab.com/upio/cobalt

local Event = game:GetService("ReplicatedStorage").Events.CoinsVFX
firesignal(Event.OnClientEvent, 
    Vector3.new(1108, 38.245998382568, 61.5),
    10,
    10,
    "Coins"
)
2026-09-19T05:26:030.661Z,40.836532,Incoming:Throw,INFO Instance: Throw (RemoteEvent)
	Path: game:GetService("ReplicatedStorage").Events.Throw
	Status: Allowed
	Call Order In Log: 5
	-------------------- Event Data --------------------
	{
    CallOrderInLog = 5,
    DataFromHook = {
        Function = function(arg1, arg2, arg3, arg4, arg5, arg6, arg7, arg8)
            --[[Name: Anonymous Function | Line: 320
            Upvalues: 0
            Function Hash: 277e19e1359a2bf76a657bf7dc7297aa13397724aafe1ebe11da13a1dbf204aab87c6acd52a47331f187c0b342321b65
            LuaEncode: Unable to serialize function]]
            return
        end,
        Arguments = {
            workspace.CurrentMap["Da Warehouse"].Map:GetChildren()[343],
            Vector3.new(1165.5666503906, 28.647094726562, 28.029127120972),
            Vector3.new(0, 0, -1),
            workspace.joebeth89.Knife.Hold,
            0.011111111111111,
            1,
            {
                Perk = "Thug Trap",
                Upgrade = "Explosive Knife"
            },
            1789795562.8534,
            n = 8
        },
        Origin = game:GetService("Players").LocalPlayer.PlayerScripts.KnifeReplication,
        IsExecutor = false,
        CreationTime = 1789824363.4822
    },
    EventType = "Incoming",
    RemoteInstanceInfo = {
        Path = "game:GetService(\"ReplicatedStorage\").Events.Throw",
        Name = "Throw",
        ClassName = "RemoteEvent"
    }
}
	-------------------- Generated Code --------------------
	-- This code was generated by Cobalt
-- https://gitlab.com/upio/cobalt

local Event = game:GetService("ReplicatedStorage").Events.Throw
firesignal(Event.OnClientEvent, 
    workspace.CurrentMap["Da Warehouse"].Map:GetChildren()[343],
    Vector3.new(1165.5666503906, 28.647094726562, 28.029127120972),
    Vector3.new(0, 0, -1),
    workspace.joebeth89.Knife.Hold,
    0.011111111111111,
    1,
    {
        Perk = "Thug Trap",
        Upgrade = "Explosive Knife"
    },
    1789795562.8534
)
2026-09-19T05:26:040.287Z,41.462543,Incoming:Stab,INFO Instance: Stab (RemoteEvent)
	Path: game:GetService("ReplicatedStorage").Events.Stab
	Status: Allowed
	Call Order In Log: 4
	-------------------- Event Data --------------------
	{
    CallOrderInLog = 4,
    DataFromHook = {
        Function = function(arg1)
            --[[Name: Anonymous Function | Line: 329
            Upvalues: 2
            Function Hash: 3861402f0c018b0365dd8032d742c5e0bf789fa2b256b2f45db79b98ff1f1fb672699ac2fb8f403b80556d8eb7312ba1
            LuaEncode: Unable to serialize function]]
            return
        end,
        Arguments = {
            workspace.joebeth89.Knife.Hold,
            n = 1
        },
        Origin = game:GetService("Players").LocalPlayer.PlayerScripts.KnifeReplication,
        IsExecutor = false,
        CreationTime = 1789824364.1511
    },
    EventType = "Incoming",
    RemoteInstanceInfo = {
        Path = "game:GetService(\"ReplicatedStorage\").Events.Stab",
        Name = "Stab",
        ClassName = "RemoteEvent"
    }
}
	-------------------- Generated Code --------------------
	-- This code was generated by Cobalt
-- https://gitlab.com/upio/cobalt

local Event = game:GetService("ReplicatedStorage").Events.Stab
firesignal(Event.OnClientEvent, 
    workspace.joebeth89.Knife.Hold
)
2026-09-19T05:26:050.647Z,42.822267,Incoming:Throw,INFO Instance: Throw (RemoteEvent)
	Path: game:GetService("ReplicatedStorage").Events.Throw
	Status: Allowed
	Call Order In Log: 6
	-------------------- Event Data --------------------
	{
    CallOrderInLog = 6,
    DataFromHook = {
        Function = function(arg1, arg2, arg3, arg4, arg5, arg6, arg7, arg8)
            --[[Name: Anonymous Function | Line: 320
            Upvalues: 0
            Function Hash: 277e19e1359a2bf76a657bf7dc7297aa13397724aafe1ebe11da13a1dbf204aab87c6acd52a47331f187c0b342321b65
            LuaEncode: Unable to serialize function]]
            return
        end,
        Arguments = {
            workspace.CurrentMap["Da Warehouse"].Map:GetChildren()[396],
            Vector3.new(1197.8035888672, 19.99631690979, 0.57901382446289),
            Vector3.new(0, 1, 0),
            workspace.joebeth89.Knife.Hold,
            0.011111111111111,
            1,
            {
                Perk = "Thug Trap",
                Upgrade = "Explosive Knife"
            },
            1789795565.2653,
            n = 8
        },
        Origin = game:GetService("Players").LocalPlayer.PlayerScripts.KnifeReplication,
        IsExecutor = false,
        CreationTime = 1789824365.4878
    },
    EventType = "Incoming",
    RemoteInstanceInfo = {
        Path = "game:GetService(\"ReplicatedStorage\").Events.Throw",
        Name = "Throw",
        ClassName = "RemoteEvent"
    }
}
	-------------------- Generated Code --------------------
	-- This code was generated by Cobalt
-- https://gitlab.com/upio/cobalt

local Event = game:GetService("ReplicatedStorage").Events.Throw
firesignal(Event.OnClientEvent, 
    workspace.CurrentMap["Da Warehouse"].Map:GetChildren()[396],
    Vector3.new(1197.8035888672, 19.99631690979, 0.57901382446289),
    Vector3.new(0, 1, 0),
    workspace.joebeth89.Knife.Hold,
    0.011111111111111,
    1,
    {
        Perk = "Thug Trap",
        Upgrade = "Explosive Knife"
    },
    1789795565.2653
)
2026-09-19T05:26:060.456Z,43.631814,Outgoing:Revive,INFO Instance: Revive (RemoteEvent)
	Path: game:GetService("ReplicatedStorage").Events.Revive
	Status: Allowed
	Call Order In Log: 1
	-------------------- Event Data --------------------
	{
    CallOrderInLog = 1,
    DataFromHook = {
        Function = function(...)
            --[[Name: Anonymous Function | Line: 2503
            Upvalues: 4
            Function Hash: ad942bf8d55a82ff8f15f2e471b080ff6753434912388b72245ed008117bf4d3d343f1deedd8ab849280937695e318a8
            LuaEncode: Unable to serialize function]]
            return
        end,
        Arguments = {
            "dodonee_1006",
            n = 1
        },
        Source = "pDPUWiqqAZcWQxlHSAgfVhOre",
        Origin = game:GetService("Players").LocalPlayer.Character.Revive.Revive,
        IsExecutor = false,
        CreationTime = 1789824366.2639,
        Line = 2515
    },
    EventType = "Outgoing",
    RemoteInstanceInfo = {
        Path = "game:GetService(\"ReplicatedStorage\").Events.Revive",
        Name = "Revive",
        ClassName = "RemoteEvent"
    }
}
	-------------------- Generated Code --------------------
	-- This code was generated by Cobalt
-- https://gitlab.com/upio/cobalt

local Event = game:GetService("ReplicatedStorage").Events.Revive
Event:FireServer(
    "dodonee_1006"
)
2026-09-19T05:26:060.563Z,43.738674,Incoming:Fire,INFO Instance: Fire (RemoteEvent)
	Path: game:GetService("ReplicatedStorage").Events.Fire
	Status: Allowed
	Call Order In Log: 1
	-------------------- Event Data --------------------
	{
    CallOrderInLog = 1,
    DataFromHook = {
        Function = function(arg1, arg2, arg3, arg4, arg5, arg6)
            --[[Name: Anonymous Function | Line: 283
            Upvalues: 1
            Function Hash: ff0d50489e7421ddc1b23a41293bcdfc7cd2c135f355e0dea018a38a4c54c32489c7d2df9b4d0f2add043df909ccab25
            LuaEncode: Unable to serialize function]]
            return
        end,
        Arguments = {
            workspace.CurrentMap["Da Warehouse"].Map:GetChildren()[397],
            Vector3.new(1191.1264648438, 20.574981689453, 29.02912902832),
            Vector3.new(0, 0, -1),
            workspace.Vigita603.Revolver.Hold,
            1,
            {
                Upgrade = "Quick Reload"
            },
            n = 6
        },
        Origin = game:GetService("Players").LocalPlayer.PlayerScripts.GunReplication,
        IsExecutor = false,
        CreationTime = 1789824366.31
    },
    EventType = "Incoming",
    RemoteInstanceInfo = {
        Path = "game:GetService(\"ReplicatedStorage\").Events.Fire",
        Name = "Fire",
        ClassName = "RemoteEvent"
    }
}
	-------------------- Generated Code --------------------
	-- This code was generated by Cobalt
-- https://gitlab.com/upio/cobalt

local Event = game:GetService("ReplicatedStorage").Events.Fire
firesignal(Event.OnClientEvent, 
    workspace.CurrentMap["Da Warehouse"].Map:GetChildren()[397],
    Vector3.new(1191.1264648438, 20.574981689453, 29.02912902832),
    Vector3.new(0, 0, -1),
    workspace.Vigita603.Revolver.Hold,
    1,
    {
        Upgrade = "Quick Reload"
    }
)
2026-09-19T05:26:070.026Z,44.201085,Incoming:WeeklyQuest,INFO Instance: WeeklyQuest (RemoteEvent)
	Path: game:GetService("ReplicatedStorage").Events.WeeklyQuest
	Status: Allowed
	Call Order In Log: 1
	-------------------- Event Data --------------------
	{
    CallOrderInLog = 1,
    DataFromHook = {
        Function = function(arg1, arg2, arg3, arg4)
            --[[Name: Anonymous Function | Line: 196
            Upvalues: 4
            Function Hash: e921ec44b26b074336f21afd32f264b7f72ddb79e4ff145e27a14cb6dd116d0451ebc387f1e511701b0b8fc0e9055113
            LuaEncode: Unable to serialize function]]
            return
        end,
        Arguments = {
            {
                NeededProgress = 10,
                Description = "Revive %s/10 Players!"
            },
            "Revive 10 Players",
            1,
            "Update",
            n = 4
        },
        Origin = game:GetService("Players").LocalPlayer.PlayerScripts.QuestHandler,
        IsExecutor = false,
        CreationTime = 1789824366.7584
    },
    EventType = "Incoming",
    RemoteInstanceInfo = {
        Path = "game:GetService(\"ReplicatedStorage\").Events.WeeklyQuest",
        Name = "WeeklyQuest",
        ClassName = "RemoteEvent"
    }
}
	-------------------- Generated Code --------------------
	-- This code was generated by Cobalt
-- https://gitlab.com/upio/cobalt

local Event = game:GetService("ReplicatedStorage").Events.WeeklyQuest
firesignal(Event.OnClientEvent, 
    {
        NeededProgress = 10,
        Description = "Revive %s/10 Players!"
    },
    "Revive 10 Players",
    1,
    "Update"
)
2026-09-19T05:26:070.099Z,44.274787,Incoming:CoinsVFX,INFO Instance: CoinsVFX (RemoteEvent)
	Path: game:GetService("ReplicatedStorage").Events.CoinsVFX
	Status: Allowed
	Call Order In Log: 3
	-------------------- Event Data --------------------
	{
    CallOrderInLog = 3,
    DataFromHook = {
        Function = function(arg1, arg2, arg3, arg4)
            --[[Name: handle_coins_remote | Line: 165
            Upvalues: 3
            Function Hash: 659278b0711715b38d0d49ce4becee2a4a99edd641d0978c45cf4b3faa3f4262c0ae3801725d8f2842160440ca6e3326
            LuaEncode: Unable to serialize function]]
            return
        end,
        Arguments = {
            Vector3.new(1148.9978027344, 8.6955337524414, 146.92872619629),
            10,
            15,
            "Gems",
            n = 4
        },
        Origin = game:GetService("Players").LocalPlayer.PlayerScripts.CoinsDropHandler,
        IsExecutor = false,
        CreationTime = 1789824366.7634
    },
    EventType = "Incoming",
    RemoteInstanceInfo = {
        Path = "game:GetService(\"ReplicatedStorage\").Events.CoinsVFX",
        Name = "CoinsVFX",
        ClassName = "RemoteEvent"
    }
}
	-------------------- Generated Code --------------------
	-- This code was generated by Cobalt
-- https://gitlab.com/upio/cobalt

local Event = game:GetService("ReplicatedStorage").Events.CoinsVFX
firesignal(Event.OnClientEvent, 
    Vector3.new(1148.9978027344, 8.6955337524414, 146.92872619629),
    10,
    15,
    "Gems"
)
2026-09-19T05:26:070.173Z,44.348441,Incoming:ServerChatMessage,INFO Instance: ServerChatMessage (RemoteEvent)
	Path: game:GetService("ReplicatedStorage").Events.ServerChatMessage
	Status: Allowed
	Call Order In Log: 1
	-------------------- Event Data --------------------
	{
    CallOrderInLog = 1,
    DataFromHook = {
        Function = function(arg1, arg2)
            --[[Name: Anonymous Function | Line: 3038
            Upvalues: 1
            Function Hash: 2dee2350f7370083c3daad88d4f43f969c2732170dde4b29fe9ea35316223f3bcbc1a279fd97dfc57d0a523463f212fb
            LuaEncode: Unable to serialize function]]
            return
        end,
        Arguments = {
            "dodonee_1006 was revived by the medic!",
            Color3.new(1, 0.66666668653488, 1),
            n = 2
        },
        Origin = game:GetService("Players").LocalPlayer.PlayerScripts.ClientMain,
        IsExecutor = false,
        CreationTime = 1789824366.9995
    },
    EventType = "Incoming",
    RemoteInstanceInfo = {
        Path = "game:GetService(\"ReplicatedStorage\").Events.ServerChatMessage",
        Name = "ServerChatMessage",
        ClassName = "RemoteEvent"
    }
}
	-------------------- Generated Code --------------------
	-- This code was generated by Cobalt
-- https://gitlab.com/upio/cobalt

local Event = game:GetService("ReplicatedStorage").Events.ServerChatMessage
firesignal(Event.OnClientEvent, 
    "dodonee_1006 was revived by the medic!",
    Color3.new(1, 0.66666668653488, 1)
)
2026-09-19T05:26:080.105Z,45.279908,Incoming:Throw,INFO Instance: Throw (RemoteEvent)
	Path: game:GetService("ReplicatedStorage").Events.Throw
	Status: Allowed
	Call Order In Log: 7
	-------------------- Event Data --------------------
	{
    CallOrderInLog = 7,
    DataFromHook = {
        Function = function(arg1, arg2, arg3, arg4, arg5, arg6, arg7, arg8)
            --[[Name: Anonymous Function | Line: 320
            Upvalues: 0
            Function Hash: 277e19e1359a2bf76a657bf7dc7297aa13397724aafe1ebe11da13a1dbf204aab87c6acd52a47331f187c0b342321b65
            LuaEncode: Unable to serialize function]]
            return
        end,
        Arguments = {
            workspace.CurrentMap["Da Warehouse"].Map:GetChildren()[396],
            Vector3.new(1197.3145751953, 19.99631690979, -24.976108551025),
            Vector3.new(0, 1, 0),
            workspace.joebeth89.Knife.Hold,
            0.011111111111111,
            1,
            {
                Perk = "Thug Trap",
                Upgrade = "Explosive Knife"
            },
            1789795567.8465,
            n = 8
        },
        Origin = game:GetService("Players").LocalPlayer.PlayerScripts.KnifeReplication,
        IsExecutor = false,
        CreationTime = 1789824368.0097
    },
    EventType = "Incoming",
    RemoteInstanceInfo = {
        Path = "game:GetService(\"ReplicatedStorage\").Events.Throw",
        Name = "Throw",
        ClassName = "RemoteEvent"
    }
}
	-------------------- Generated Code --------------------
	-- This code was generated by Cobalt
-- https://gitlab.com/upio/cobalt

local Event = game:GetService("ReplicatedStorage").Events.Throw
firesignal(Event.OnClientEvent, 
    workspace.CurrentMap["Da Warehouse"].Map:GetChildren()[396],
    Vector3.new(1197.3145751953, 19.99631690979, -24.976108551025),
    Vector3.new(0, 1, 0),
    workspace.joebeth89.Knife.Hold,
    0.011111111111111,
    1,
    {
        Perk = "Thug Trap",
        Upgrade = "Explosive Knife"
    },
    1789795567.8465
)
2026-09-19T05:26:080.263Z,45.437976,Incoming:KnifeHit,INFO Instance: KnifeHit (RemoteEvent)
	Path: game:GetService("ReplicatedStorage").Events.KnifeHit
	Status: Allowed
	Call Order In Log: 2
	-------------------- Event Data --------------------
	{
    CallOrderInLog = 2,
    DataFromHook = {
        Function = function(arg1, arg2)
            --[[Name: Anonymous Function | Line: 324
            Upvalues: 1
            Function Hash: 94f43b81f8008cf6fbbb9c34189f2bd258738e803e4a551198173fef7e349aff352862380b1f1cff43f23b849c3ead97
            LuaEncode: Unable to serialize function]]
            return
        end,
        Arguments = {
            workspace.Vigita603.HumanoidRootPart,
            "Yellow Bat",
            n = 2
        },
        Origin = game:GetService("Players").LocalPlayer.PlayerScripts.KnifeReplication,
        IsExecutor = false,
        CreationTime = 1789824368.1536
    },
    EventType = "Incoming",
    RemoteInstanceInfo = {
        Path = "game:GetService(\"ReplicatedStorage\").Events.KnifeHit",
        Name = "KnifeHit",
        ClassName = "RemoteEvent"
    }
}
	-------------------- Generated Code --------------------
	-- This code was generated by Cobalt
-- https://gitlab.com/upio/cobalt

local Event = game:GetService("ReplicatedStorage").Events.KnifeHit
firesignal(Event.OnClientEvent, 
    workspace.Vigita603.HumanoidRootPart,
    "Yellow Bat"
)
2026-09-19T05:26:100.635Z,47.810709,Incoming:Stab,INFO Instance: Stab (RemoteEvent)
	Path: game:GetService("ReplicatedStorage").Events.Stab
	Status: Allowed
	Call Order In Log: 5
	-------------------- Event Data --------------------
	{
    CallOrderInLog = 5,
    DataFromHook = {
        Function = function(arg1)
            --[[Name: Anonymous Function | Line: 329
            Upvalues: 2
            Function Hash: 3861402f0c018b0365dd8032d742c5e0bf789fa2b256b2f45db79b98ff1f1fb672699ac2fb8f403b80556d8eb7312ba1
            LuaEncode: Unable to serialize function]]
            return
        end,
        Arguments = {
            workspace.joebeth89.Knife.Hold,
            n = 1
        },
        Origin = game:GetService("Players").LocalPlayer.PlayerScripts.KnifeReplication,
        IsExecutor = false,
        CreationTime = 1789824370.5583
    },
    EventType = "Incoming",
    RemoteInstanceInfo = {
        Path = "game:GetService(\"ReplicatedStorage\").Events.Stab",
        Name = "Stab",
        ClassName = "RemoteEvent"
    }
}
	-------------------- Generated Code --------------------
	-- This code was generated by Cobalt
-- https://gitlab.com/upio/cobalt

local Event = game:GetService("ReplicatedStorage").Events.Stab
firesignal(Event.OnClientEvent, 
    workspace.joebeth89.Knife.Hold
)
2026-09-19T05:26:130.892Z,50.067520,Incoming:Throw,INFO Instance: Throw (RemoteEvent)
	Path: game:GetService("ReplicatedStorage").Events.Throw
	Status: Allowed
	Call Order In Log: 8
	-------------------- Event Data --------------------
	{
    CallOrderInLog = 8,
    DataFromHook = {
        Function = function(arg1, arg2, arg3, arg4, arg5, arg6, arg7, arg8)
            --[[Name: Anonymous Function | Line: 320
            Upvalues: 0
            Function Hash: 277e19e1359a2bf76a657bf7dc7297aa13397724aafe1ebe11da13a1dbf204aab87c6acd52a47331f187c0b342321b65
            LuaEncode: Unable to serialize function]]
            return
        end,
        Arguments = {
            workspace.CurrentMap["Da Warehouse"].Map:GetChildren()[346],
            Vector3.new(1137.0482177734, 39.993236541748, 18.062994003296),
            Vector3.new(0, 0, -1),
            workspace.joebeth89.Knife.Hold,
            0.011111111111111,
            1,
            {
                Perk = "Thug Trap",
                Upgrade = "Explosive Knife"
            },
            1789795572.6463,
            n = 8
        },
        Origin = game:GetService("Players").LocalPlayer.PlayerScripts.KnifeReplication,
        IsExecutor = false,
        CreationTime = 1789824372.802
    },
    EventType = "Incoming",
    RemoteInstanceInfo = {
        Path = "game:GetService(\"ReplicatedStorage\").Events.Throw",
        Name = "Throw",
        ClassName = "RemoteEvent"
    }
}
	-------------------- Generated Code --------------------
	-- This code was generated by Cobalt
-- https://gitlab.com/upio/cobalt

local Event = game:GetService("ReplicatedStorage").Events.Throw
firesignal(Event.OnClientEvent, 
    workspace.CurrentMap["Da Warehouse"].Map:GetChildren()[346],
    Vector3.new(1137.0482177734, 39.993236541748, 18.062994003296),
    Vector3.new(0, 0, -1),
    workspace.joebeth89.Knife.Hold,
    0.011111111111111,
    1,
    {
        Perk = "Thug Trap",
        Upgrade = "Explosive Knife"
    },
    1789795572.6463
)
2026-09-19T05:26:160.445Z,53.620266,Incoming:Throw,INFO Instance: Throw (RemoteEvent)
	Path: game:GetService("ReplicatedStorage").Events.Throw
	Status: Allowed
	Call Order In Log: 9
	-------------------- Event Data --------------------
	{
    CallOrderInLog = 9,
    DataFromHook = {
        Function = function(arg1, arg2, arg3, arg4, arg5, arg6, arg7, arg8)
            --[[Name: Anonymous Function | Line: 320
            Upvalues: 0
            Function Hash: 277e19e1359a2bf76a657bf7dc7297aa13397724aafe1ebe11da13a1dbf204aab87c6acd52a47331f187c0b342321b65
            LuaEncode: Unable to serialize function]]
            return
        end,
        Arguments = {
            workspace.CurrentMap["Da Warehouse"].Map.Barrier:GetChildren()[7],
            Vector3.new(1154.6303710938, 33.06844329834, -27.970878601074),
            Vector3.new(0, 0, -1),
            workspace.joebeth89.Knife.Hold,
            0.011111111111111,
            1,
            {
                Perk = "Thug Trap",
                Upgrade = "Explosive Knife"
            },
            1789795576.1072,
            n = 8
        },
        Origin = game:GetService("Players").LocalPlayer.PlayerScripts.KnifeReplication,
        IsExecutor = false,
        CreationTime = 1789824376.3547
    },
    EventType = "Incoming",
    RemoteInstanceInfo = {
        Path = "game:GetService(\"ReplicatedStorage\").Events.Throw",
        Name = "Throw",
        ClassName = "RemoteEvent"
    }
}
	-------------------- Generated Code --------------------
	-- This code was generated by Cobalt
-- https://gitlab.com/upio/cobalt

local Event = game:GetService("ReplicatedStorage").Events.Throw
firesignal(Event.OnClientEvent, 
    workspace.CurrentMap["Da Warehouse"].Map.Barrier:GetChildren()[7],
    Vector3.new(1154.6303710938, 33.06844329834, -27.970878601074),
    Vector3.new(0, 0, -1),
    workspace.joebeth89.Knife.Hold,
    0.011111111111111,
    1,
    {
        Perk = "Thug Trap",
        Upgrade = "Explosive Knife"
    },
    1789795576.1072
)
2026-09-19T05:26:160.618Z,53.793459,Incoming:Fire,INFO Instance: Fire (RemoteEvent)
	Path: game:GetService("ReplicatedStorage").Events.Fire
	Status: Allowed
	Call Order In Log: 2
	-------------------- Event Data --------------------
	{
    CallOrderInLog = 2,
    DataFromHook = {
        Function = function(arg1, arg2, arg3, arg4, arg5, arg6)
            --[[Name: Anonymous Function | Line: 283
            Upvalues: 1
            Function Hash: ff0d50489e7421ddc1b23a41293bcdfc7cd2c135f355e0dea018a38a4c54c32489c7d2df9b4d0f2add043df909ccab25
            LuaEncode: Unable to serialize function]]
            return
        end,
        Arguments = {
            workspace.CurrentMap["Da Warehouse"].Map:GetChildren()[58]:GetChildren()[7],
            Vector3.new(1154.4709472656, 24.594758987427, -10.883513450623),
            Vector3.new(0.5000314116478, 0, -0.86600744724274),
            workspace.jack_357096.Revolver.Hold,
            1,
            {
                Upgrade = "Quick Reload"
            },
            n = 6
        },
        Origin = game:GetService("Players").LocalPlayer.PlayerScripts.GunReplication,
        IsExecutor = false,
        CreationTime = 1789824376.5454
    },
    EventType = "Incoming",
    RemoteInstanceInfo = {
        Path = "game:GetService(\"ReplicatedStorage\").Events.Fire",
        Name = "Fire",
        ClassName = "RemoteEvent"
    }
}
	-------------------- Generated Code --------------------
	-- This code was generated by Cobalt
-- https://gitlab.com/upio/cobalt

local Event = game:GetService("ReplicatedStorage").Events.Fire
firesignal(Event.OnClientEvent, 
    workspace.CurrentMap["Da Warehouse"].Map:GetChildren()[58]:GetChildren()[7],
    Vector3.new(1154.4709472656, 24.594758987427, -10.883513450623),
    Vector3.new(0.5000314116478, 0, -0.86600744724274),
    workspace.jack_357096.Revolver.Hold,
    1,
    {
        Upgrade = "Quick Reload"
    }
)
2026-09-19T05:26:180.609Z,55.784141,Incoming:Throw,INFO Instance: Throw (RemoteEvent)
	Path: game:GetService("ReplicatedStorage").Events.Throw
	Status: Allowed
	Call Order In Log: 10
	-------------------- Event Data --------------------
	{
    CallOrderInLog = 10,
    DataFromHook = {
        Function = function(arg1, arg2, arg3, arg4, arg5, arg6, arg7, arg8)
            --[[Name: Anonymous Function | Line: 320
            Upvalues: 0
            Function Hash: 277e19e1359a2bf76a657bf7dc7297aa13397724aafe1ebe11da13a1dbf204aab87c6acd52a47331f187c0b342321b65
            LuaEncode: Unable to serialize function]]
            return
        end,
        Arguments = {
            workspace.CurrentMap["Da Warehouse"].Map:GetChildren()[396],
            Vector3.new(1134.5222167969, 19.99631690979, -5.609260559082),
            Vector3.new(0, 1, 0),
            workspace.joebeth89.Knife.Hold,
            0.011111111111111,
            1,
            {
                Perk = "Thug Trap",
                Upgrade = "Explosive Knife"
            },
            1789795578.2191,
            n = 8
        },
        Origin = game:GetService("Players").LocalPlayer.PlayerScripts.KnifeReplication,
        IsExecutor = false,
        CreationTime = 1789824378.5118
    },
    EventType = "Incoming",
    RemoteInstanceInfo = {
        Path = "game:GetService(\"ReplicatedStorage\").Events.Throw",
        Name = "Throw",
        ClassName = "RemoteEvent"
    }
}
	-------------------- Generated Code --------------------
	-- This code was generated by Cobalt
-- https://gitlab.com/upio/cobalt

local Event = game:GetService("ReplicatedStorage").Events.Throw
firesignal(Event.OnClientEvent, 
    workspace.CurrentMap["Da Warehouse"].Map:GetChildren()[396],
    Vector3.new(1134.5222167969, 19.99631690979, -5.609260559082),
    Vector3.new(0, 1, 0),
    workspace.joebeth89.Knife.Hold,
    0.011111111111111,
    1,
    {
        Perk = "Thug Trap",
        Upgrade = "Explosive Knife"
    },
    1789795578.2191
)
2026-09-19T05:26:190.383Z,56.558360,Incoming:Fire,INFO Instance: Fire (RemoteEvent)
	Path: game:GetService("ReplicatedStorage").Events.Fire
	Status: Allowed
	Call Order In Log: 3
	-------------------- Event Data --------------------
	{
    CallOrderInLog = 3,
    DataFromHook = {
        Function = function(arg1, arg2, arg3, arg4, arg5, arg6)
            --[[Name: Anonymous Function | Line: 283
            Upvalues: 1
            Function Hash: ff0d50489e7421ddc1b23a41293bcdfc7cd2c135f355e0dea018a38a4c54c32489c7d2df9b4d0f2add043df909ccab25
            LuaEncode: Unable to serialize function]]
            return
        end,
        Arguments = {
            workspace.CurrentMap["Da Warehouse"].Map.Barrier:GetChildren()[7],
            Vector3.new(1203.4187011719, 27.270885467529, -25.970878601074),
            Vector3.new(0, 0, 1),
            workspace.jack_357096.Revolver.Hold,
            1,
            {
                Upgrade = "Quick Reload"
            },
            n = 6
        },
        Origin = game:GetService("Players").LocalPlayer.PlayerScripts.GunReplication,
        IsExecutor = false,
        CreationTime = 1789824379.3029
    },
    EventType = "Incoming",
    RemoteInstanceInfo = {
        Path = "game:GetService(\"ReplicatedStorage\").Events.Fire",
        Name = "Fire",
        ClassName = "RemoteEvent"
    }
}
	-------------------- Generated Code --------------------
	-- This code was generated by Cobalt
-- https://gitlab.com/upio/cobalt

local Event = game:GetService("ReplicatedStorage").Events.Fire
firesignal(Event.OnClientEvent, 
    workspace.CurrentMap["Da Warehouse"].Map.Barrier:GetChildren()[7],
    Vector3.new(1203.4187011719, 27.270885467529, -25.970878601074),
    Vector3.new(0, 0, 1),
    workspace.jack_357096.Revolver.Hold,
    1,
    {
        Upgrade = "Quick Reload"
    }
)
2026-09-19T05:26:190.639Z,56.814173,Incoming:Stab,INFO Instance: Stab (RemoteEvent)
	Path: game:GetService("ReplicatedStorage").Events.Stab
	Status: Allowed
	Call Order In Log: 6
	-------------------- Event Data --------------------
	{
    CallOrderInLog = 6,
    DataFromHook = {
        Function = function(arg1)
            --[[Name: Anonymous Function | Line: 329
            Upvalues: 2
            Function Hash: 3861402f0c018b0365dd8032d742c5e0bf789fa2b256b2f45db79b98ff1f1fb672699ac2fb8f403b80556d8eb7312ba1
            LuaEncode: Unable to serialize function]]
            return
        end,
        Arguments = {
            workspace.joebeth89.Knife.Hold,
            n = 1
        },
        Origin = game:GetService("Players").LocalPlayer.PlayerScripts.KnifeReplication,
        IsExecutor = false,
        CreationTime = 1789824379.5497
    },
    EventType = "Incoming",
    RemoteInstanceInfo = {
        Path = "game:GetService(\"ReplicatedStorage\").Events.Stab",
        Name = "Stab",
        ClassName = "RemoteEvent"
    }
}
	-------------------- Generated Code --------------------
	-- This code was generated by Cobalt
-- https://gitlab.com/upio/cobalt

local Event = game:GetService("ReplicatedStorage").Events.Stab
firesignal(Event.OnClientEvent, 
    workspace.joebeth89.Knife.Hold
)
2026-09-19T05:26:210.954Z,58.129215,Incoming:Stab,INFO Instance: Stab (RemoteEvent)
	Path: game:GetService("ReplicatedStorage").Events.Stab
	Status: Allowed
	Call Order In Log: 7
	-------------------- Event Data --------------------
	{
    CallOrderInLog = 7,
    DataFromHook = {
        Function = function(arg1)
            --[[Name: Anonymous Function | Line: 329
            Upvalues: 2
            Function Hash: 3861402f0c018b0365dd8032d742c5e0bf789fa2b256b2f45db79b98ff1f1fb672699ac2fb8f403b80556d8eb7312ba1
            LuaEncode: Unable to serialize function]]
            return
        end,
        Arguments = {
            workspace.joebeth89.Knife.Hold,
            n = 1
        },
        Origin = game:GetService("Players").LocalPlayer.PlayerScripts.KnifeReplication,
        IsExecutor = false,
        CreationTime = 1789824380.8779
    },
    EventType = "Incoming",
    RemoteInstanceInfo = {
        Path = "game:GetService(\"ReplicatedStorage\").Events.Stab",
        Name = "Stab",
        ClassName = "RemoteEvent"
    }
}
	-------------------- Generated Code --------------------
	-- This code was generated by Cobalt
-- https://gitlab.com/upio/cobalt

local Event = game:GetService("ReplicatedStorage").Events.Stab
firesignal(Event.OnClientEvent, 
    workspace.joebeth89.Knife.Hold
)
2026-09-19T05:26:210.019Z,58.194421,Incoming:Stab,INFO Instance: Stab (RemoteEvent)
	Path: game:GetService("ReplicatedStorage").Events.Stab
	Status: Allowed
	Call Order In Log: 8
	-------------------- Event Data --------------------
	{
    CallOrderInLog = 8,
    DataFromHook = {
        Function = function(arg1)
            --[[Name: Anonymous Function | Line: 329
            Upvalues: 2
            Function Hash: 3861402f0c018b0365dd8032d742c5e0bf789fa2b256b2f45db79b98ff1f1fb672699ac2fb8f403b80556d8eb7312ba1
            LuaEncode: Unable to serialize function]]
            return
        end,
        Arguments = {
            workspace.joebeth89.Knife.Hold,
            n = 1
        },
        Origin = game:GetService("Players").LocalPlayer.PlayerScripts.KnifeReplication,
        IsExecutor = false,
        CreationTime = 1789824380.8815
    },
    EventType = "Incoming",
    RemoteInstanceInfo = {
        Path = "game:GetService(\"ReplicatedStorage\").Events.Stab",
        Name = "Stab",
        ClassName = "RemoteEvent"
    }
}
	-------------------- Generated Code --------------------
	-- This code was generated by Cobalt
-- https://gitlab.com/upio/cobalt

local Event = game:GetService("ReplicatedStorage").Events.Stab
firesignal(Event.OnClientEvent, 
    workspace.joebeth89.Knife.Hold
)
2026-09-19T05:26:210.779Z,58.954452,Incoming:Fire,INFO Instance: Fire (RemoteEvent)
	Path: game:GetService("ReplicatedStorage").Events.Fire
	Status: Allowed
	Call Order In Log: 4
	-------------------- Event Data --------------------
	{
    CallOrderInLog = 4,
    DataFromHook = {
        Function = function(arg1, arg2, arg3, arg4, arg5, arg6)
            --[[Name: Anonymous Function | Line: 283
            Upvalues: 1
            Function Hash: ff0d50489e7421ddc1b23a41293bcdfc7cd2c135f355e0dea018a38a4c54c32489c7d2df9b4d0f2add043df909ccab25
            LuaEncode: Unable to serialize function]]
            return
        end,
        Arguments = {
            workspace.CurrentMap["Da Warehouse"].Map:GetChildren()[396],
            Vector3.new(1138.4606933594, 19.99631690979, -15.277599334717),
            Vector3.new(0, 1, 0),
            workspace.jack_357096.Revolver.Hold,
            1,
            {
                Upgrade = "Quick Reload"
            },
            n = 6
        },
        Origin = game:GetService("Players").LocalPlayer.PlayerScripts.GunReplication,
        IsExecutor = false,
        CreationTime = 1789824381.6841
    },
    EventType = "Incoming",
    RemoteInstanceInfo = {
        Path = "game:GetService(\"ReplicatedStorage\").Events.Fire",
        Name = "Fire",
        ClassName = "RemoteEvent"
    }
}
	-------------------- Generated Code --------------------
	-- This code was generated by Cobalt
-- https://gitlab.com/upio/cobalt

local Event = game:GetService("ReplicatedStorage").Events.Fire
firesignal(Event.OnClientEvent, 
    workspace.CurrentMap["Da Warehouse"].Map:GetChildren()[396],
    Vector3.new(1138.4606933594, 19.99631690979, -15.277599334717),
    Vector3.new(0, 1, 0),
    workspace.jack_357096.Revolver.Hold,
    1,
    {
        Upgrade = "Quick Reload"
    }
)
2026-09-19T05:26:220.838Z,59.013692,Incoming:Stab,INFO Instance: Stab (RemoteEvent)
	Path: game:GetService("ReplicatedStorage").Events.Stab
	Status: Allowed
	Call Order In Log: 9
	-------------------- Event Data --------------------
	{
    CallOrderInLog = 9,
    DataFromHook = {
        Function = function(arg1)
            --[[Name: Anonymous Function | Line: 329
            Upvalues: 2
            Function Hash: 3861402f0c018b0365dd8032d742c5e0bf789fa2b256b2f45db79b98ff1f1fb672699ac2fb8f403b80556d8eb7312ba1
            LuaEncode: Unable to serialize function]]
            return
        end,
        Arguments = {
            workspace.joebeth89.Knife.Hold,
            n = 1
        },
        Origin = game:GetService("Players").LocalPlayer.PlayerScripts.KnifeReplication,
        IsExecutor = false,
        CreationTime = 1789824381.6924
    },
    EventType = "Incoming",
    RemoteInstanceInfo = {
        Path = "game:GetService(\"ReplicatedStorage\").Events.Stab",
        Name = "Stab",
        ClassName = "RemoteEvent"
    }
}
	-------------------- Generated Code --------------------
	-- This code was generated by Cobalt
-- https://gitlab.com/upio/cobalt

local Event = game:GetService("ReplicatedStorage").Events.Stab
firesignal(Event.OnClientEvent, 
    workspace.joebeth89.Knife.Hold
)
2026-09-19T05:26:230.997Z,60.172227,Incoming:Stab,INFO Instance: Stab (RemoteEvent)
	Path: game:GetService("ReplicatedStorage").Events.Stab
	Status: Allowed
	Call Order In Log: 10
	-------------------- Event Data --------------------
	{
    CallOrderInLog = 10,
    DataFromHook = {
        Function = function(arg1)
            --[[Name: Anonymous Function | Line: 329
            Upvalues: 2
            Function Hash: 3861402f0c018b0365dd8032d742c5e0bf789fa2b256b2f45db79b98ff1f1fb672699ac2fb8f403b80556d8eb7312ba1
            LuaEncode: Unable to serialize function]]
            return
        end,
        Arguments = {
            workspace.joebeth89.Knife.Hold,
            n = 1
        },
        Origin = game:GetService("Players").LocalPlayer.PlayerScripts.KnifeReplication,
        IsExecutor = false,
        CreationTime = 1789824382.8745
    },
    EventType = "Incoming",
    RemoteInstanceInfo = {
        Path = "game:GetService(\"ReplicatedStorage\").Events.Stab",
        Name = "Stab",
        ClassName = "RemoteEvent"
    }
}
	-------------------- Generated Code --------------------
	-- This code was generated by Cobalt
-- https://gitlab.com/upio/cobalt

local Event = game:GetService("ReplicatedStorage").Events.Stab
firesignal(Event.OnClientEvent, 
    workspace.joebeth89.Knife.Hold
)
2026-09-19T05:26:230.575Z,60.749906,Incoming:Stab,INFO Instance: Stab (RemoteEvent)
	Path: game:GetService("ReplicatedStorage").Events.Stab
	Status: Allowed
	Call Order In Log: 11
	-------------------- Event Data --------------------
	{
    CallOrderInLog = 11,
    DataFromHook = {
        Function = function(arg1)
            --[[Name: Anonymous Function | Line: 329
            Upvalues: 2
            Function Hash: 3861402f0c018b0365dd8032d742c5e0bf789fa2b256b2f45db79b98ff1f1fb672699ac2fb8f403b80556d8eb7312ba1
            LuaEncode: Unable to serialize function]]
            return
        end,
        Arguments = {
            workspace.joebeth89.Knife.Hold,
            n = 1
        },
        Origin = game:GetService("Players").LocalPlayer.PlayerScripts.KnifeReplication,
        IsExecutor = false,
        CreationTime = 1789824383.4414
    },
    EventType = "Incoming",
    RemoteInstanceInfo = {
        Path = "game:GetService(\"ReplicatedStorage\").Events.Stab",
        Name = "Stab",
        ClassName = "RemoteEvent"
    }
}
	-------------------- Generated Code --------------------
	-- This code was generated by Cobalt
-- https://gitlab.com/upio/cobalt

local Event = game:GetService("ReplicatedStorage").Events.Stab
firesignal(Event.OnClientEvent, 
    workspace.joebeth89.Knife.Hold
)
2026-09-19T05:26:240.170Z,61.344884,Incoming:Fire,INFO Instance: Fire (RemoteEvent)
	Path: game:GetService("ReplicatedStorage").Events.Fire
	Status: Allowed
	Call Order In Log: 5
	-------------------- Event Data --------------------
	{
    CallOrderInLog = 5,
    DataFromHook = {
        Function = function(arg1, arg2, arg3, arg4, arg5, arg6)
            --[[Name: Anonymous Function | Line: 283
            Upvalues: 1
            Function Hash: ff0d50489e7421ddc1b23a41293bcdfc7cd2c135f355e0dea018a38a4c54c32489c7d2df9b4d0f2add043df909ccab25
            LuaEncode: Unable to serialize function]]
            return
        end,
        Arguments = {
            workspace.CurrentMap["Da Warehouse"].Map:GetChildren()[401],
            Vector3.new(1080.2540283203, 21.196731567383, -25.970878601074),
            Vector3.new(0, 0, 1),
            workspace.jack_357096.Revolver.Hold,
            1,
            {
                Upgrade = "Quick Reload"
            },
            n = 6
        },
        Origin = game:GetService("Players").LocalPlayer.PlayerScripts.GunReplication,
        IsExecutor = false,
        CreationTime = 1789824384.0498
    },
    EventType = "Incoming",
    RemoteInstanceInfo = {
        Path = "game:GetService(\"ReplicatedStorage\").Events.Fire",
        Name = "Fire",
        ClassName = "RemoteEvent"
    }
}
	-------------------- Generated Code --------------------
	-- This code was generated by Cobalt
-- https://gitlab.com/upio/cobalt

local Event = game:GetService("ReplicatedStorage").Events.Fire
firesignal(Event.OnClientEvent, 
    workspace.CurrentMap["Da Warehouse"].Map:GetChildren()[401],
    Vector3.new(1080.2540283203, 21.196731567383, -25.970878601074),
    Vector3.new(0, 0, 1),
    workspace.jack_357096.Revolver.Hold,
    1,
    {
        Upgrade = "Quick Reload"
    }
)
2026-09-19T05:26:240.756Z,61.931603,Incoming:Throw,INFO Instance: Throw (RemoteEvent)
	Path: game:GetService("ReplicatedStorage").Events.Throw
	Status: Allowed
	Call Order In Log: 11
	-------------------- Event Data --------------------
	{
    CallOrderInLog = 11,
    DataFromHook = {
        Function = function(arg1, arg2, arg3, arg4, arg5, arg6, arg7, arg8)
            --[[Name: Anonymous Function | Line: 320
            Upvalues: 0
            Function Hash: 277e19e1359a2bf76a657bf7dc7297aa13397724aafe1ebe11da13a1dbf204aab87c6acd52a47331f187c0b342321b65
            LuaEncode: Unable to serialize function]]
            return
        end,
        Arguments = {
            workspace.CurrentMap["Da Warehouse"].Map:GetChildren()[396],
            Vector3.new(1098.7973632812, 19.99631690979, -4.7671022415161),
            Vector3.new(0, 1, 0),
            workspace.joebeth89.Knife.Hold,
            0.011111111111111,
            1,
            {
                Perk = "Thug Trap",
                Upgrade = "Explosive Knife"
            },
            1789795584.4752,
            n = 8
        },
        Origin = game:GetService("Players").LocalPlayer.PlayerScripts.KnifeReplication,
        IsExecutor = false,
        CreationTime = 1789824384.6574
    },
    EventType = "Incoming",
    RemoteInstanceInfo = {
        Path = "game:GetService(\"ReplicatedStorage\").Events.Throw",
        Name = "Throw",
        ClassName = "RemoteEvent"
    }
}
	-------------------- Generated Code --------------------
	-- This code was generated by Cobalt
-- https://gitlab.com/upio/cobalt

local Event = game:GetService("ReplicatedStorage").Events.Throw
firesignal(Event.OnClientEvent, 
    workspace.CurrentMap["Da Warehouse"].Map:GetChildren()[396],
    Vector3.new(1098.7973632812, 19.99631690979, -4.7671022415161),
    Vector3.new(0, 1, 0),
    workspace.joebeth89.Knife.Hold,
    0.011111111111111,
    1,
    {
        Perk = "Thug Trap",
        Upgrade = "Explosive Knife"
    },
    1789795584.4752
)
2026-09-19T05:26:260.490Z,63.665361,Incoming:Fire,INFO Instance: Fire (RemoteEvent)
	Path: game:GetService("ReplicatedStorage").Events.Fire
	Status: Allowed
	Call Order In Log: 6
	-------------------- Event Data --------------------
	{
    CallOrderInLog = 6,
    DataFromHook = {
        Function = function(arg1, arg2, arg3, arg4, arg5, arg6)
            --[[Name: Anonymous Function | Line: 283
            Upvalues: 1
            Function Hash: ff0d50489e7421ddc1b23a41293bcdfc7cd2c135f355e0dea018a38a4c54c32489c7d2df9b4d0f2add043df909ccab25
            LuaEncode: Unable to serialize function]]
            return
        end,
        Arguments = {
            workspace.CurrentMap["Da Warehouse"].Map:GetChildren()[396],
            Vector3.new(1094.7946777344, 19.99631690979, 1.4135541915894),
            Vector3.new(0, 1, 0),
            workspace.jack_357096.Revolver.Hold,
            1,
            {
                Upgrade = "Quick Reload"
            },
            n = 6
        },
        Origin = game:GetService("Players").LocalPlayer.PlayerScripts.GunReplication,
        IsExecutor = false,
        CreationTime = 1789824386.4066
    },
    EventType = "Incoming",
    RemoteInstanceInfo = {
        Path = "game:GetService(\"ReplicatedStorage\").Events.Fire",
        Name = "Fire",
        ClassName = "RemoteEvent"
    }
}
	-------------------- Generated Code --------------------
	-- This code was generated by Cobalt
-- https://gitlab.com/upio/cobalt

local Event = game:GetService("ReplicatedStorage").Events.Fire
firesignal(Event.OnClientEvent, 
    workspace.CurrentMap["Da Warehouse"].Map:GetChildren()[396],
    Vector3.new(1094.7946777344, 19.99631690979, 1.4135541915894),
    Vector3.new(0, 1, 0),
    workspace.jack_357096.Revolver.Hold,
    1,
    {
        Upgrade = "Quick Reload"
    }
)
2026-09-19T05:26:260.565Z,63.740637,Incoming:Stab,INFO Instance: Stab (RemoteEvent)
	Path: game:GetService("ReplicatedStorage").Events.Stab
	Status: Allowed
	Call Order In Log: 12
	-------------------- Event Data --------------------
	{
    CallOrderInLog = 12,
    DataFromHook = {
        Function = function(arg1)
            --[[Name: Anonymous Function | Line: 329
            Upvalues: 2
            Function Hash: 3861402f0c018b0365dd8032d742c5e0bf789fa2b256b2f45db79b98ff1f1fb672699ac2fb8f403b80556d8eb7312ba1
            LuaEncode: Unable to serialize function]]
            return
        end,
        Arguments = {
            workspace.joebeth89.Knife.Hold,
            n = 1
        },
        Origin = game:GetService("Players").LocalPlayer.PlayerScripts.KnifeReplication,
        IsExecutor = false,
        CreationTime = 1789824386.4113
    },
    EventType = "Incoming",
    RemoteInstanceInfo = {
        Path = "game:GetService(\"ReplicatedStorage\").Events.Stab",
        Name = "Stab",
        ClassName = "RemoteEvent"
    }
}
	-------------------- Generated Code --------------------
	-- This code was generated by Cobalt
-- https://gitlab.com/upio/cobalt

local Event = game:GetService("ReplicatedStorage").Events.Stab
firesignal(Event.OnClientEvent, 
    workspace.joebeth89.Knife.Hold
)
2026-09-19T05:26:280.045Z,65.220612,Incoming:Stab,INFO Instance: Stab (RemoteEvent)
	Path: game:GetService("ReplicatedStorage").Events.Stab
	Status: Allowed
	Call Order In Log: 13
	-------------------- Event Data --------------------
	{
    CallOrderInLog = 13,
    DataFromHook = {
        Function = function(arg1)
            --[[Name: Anonymous Function | Line: 329
            Upvalues: 2
            Function Hash: 3861402f0c018b0365dd8032d742c5e0bf789fa2b256b2f45db79b98ff1f1fb672699ac2fb8f403b80556d8eb7312ba1
            LuaEncode: Unable to serialize function]]
            return
        end,
        Arguments = {
            workspace.joebeth89.Knife.Hold,
            n = 1
        },
        Origin = game:GetService("Players").LocalPlayer.PlayerScripts.KnifeReplication,
        IsExecutor = false,
        CreationTime = 1789824387.9722
    },
    EventType = "Incoming",
    RemoteInstanceInfo = {
        Path = "game:GetService(\"ReplicatedStorage\").Events.Stab",
        Name = "Stab",
        ClassName = "RemoteEvent"
    }
}
	-------------------- Generated Code --------------------
	-- This code was generated by Cobalt
-- https://gitlab.com/upio/cobalt

local Event = game:GetService("ReplicatedStorage").Events.Stab
firesignal(Event.OnClientEvent, 
    workspace.joebeth89.Knife.Hold
)
2026-09-19T05:26:280.531Z,65.706006,Incoming:Stab,INFO Instance: Stab (RemoteEvent)
	Path: game:GetService("ReplicatedStorage").Events.Stab
	Status: Allowed
	Call Order In Log: 14
	-------------------- Event Data --------------------
	{
    CallOrderInLog = 14,
    DataFromHook = {
        Function = function(arg1)
            --[[Name: Anonymous Function | Line: 329
            Upvalues: 2
            Function Hash: 3861402f0c018b0365dd8032d742c5e0bf789fa2b256b2f45db79b98ff1f1fb672699ac2fb8f403b80556d8eb7312ba1
            LuaEncode: Unable to serialize function]]
            return
        end,
        Arguments = {
            workspace.joebeth89.Knife.Hold,
            n = 1
        },
        Origin = game:GetService("Players").LocalPlayer.PlayerScripts.KnifeReplication,
        IsExecutor = false,
        CreationTime = 1789824388.4663
    },
    EventType = "Incoming",
    RemoteInstanceInfo = {
        Path = "game:GetService(\"ReplicatedStorage\").Events.Stab",
        Name = "Stab",
        ClassName = "RemoteEvent"
    }
}
	-------------------- Generated Code --------------------
	-- This code was generated by Cobalt
-- https://gitlab.com/upio/cobalt

local Event = game:GetService("ReplicatedStorage").Events.Stab
firesignal(Event.OnClientEvent, 
    workspace.joebeth89.Knife.Hold
)
2026-09-19T05:26:290.981Z,66.156298,Incoming:Fire,INFO Instance: Fire (RemoteEvent)
	Path: game:GetService("ReplicatedStorage").Events.Fire
	Status: Allowed
	Call Order In Log: 7
	-------------------- Event Data --------------------
	{
    CallOrderInLog = 7,
    DataFromHook = {
        Function = function(arg1, arg2, arg3, arg4, arg5, arg6)
            --[[Name: Anonymous Function | Line: 283
            Upvalues: 1
            Function Hash: ff0d50489e7421ddc1b23a41293bcdfc7cd2c135f355e0dea018a38a4c54c32489c7d2df9b4d0f2add043df909ccab25
            LuaEncode: Unable to serialize function]]
            return
        end,
        Arguments = {
            workspace.CurrentMap["Da Warehouse"].Map:GetChildren()[396],
            Vector3.new(1124.462890625, 19.99631690979, 4.2881927490234),
            Vector3.new(0, 1, 0),
            workspace.jack_357096.Revolver.Hold,
            1,
            {
                Upgrade = "Quick Reload"
            },
            n = 6
        },
        Origin = game:GetService("Players").LocalPlayer.PlayerScripts.GunReplication,
        IsExecutor = false,
        CreationTime = 1789824388.8534
    },
    EventType = "Incoming",
    RemoteInstanceInfo = {
        Path = "game:GetService(\"ReplicatedStorage\").Events.Fire",
        Name = "Fire",
        ClassName = "RemoteEvent"
    }
}
	-------------------- Generated Code --------------------
	-- This code was generated by Cobalt
-- https://gitlab.com/upio/cobalt

local Event = game:GetService("ReplicatedStorage").Events.Fire
firesignal(Event.OnClientEvent, 
    workspace.CurrentMap["Da Warehouse"].Map:GetChildren()[396],
    Vector3.new(1124.462890625, 19.99631690979, 4.2881927490234),
    Vector3.new(0, 1, 0),
    workspace.jack_357096.Revolver.Hold,
    1,
    {
        Upgrade = "Quick Reload"
    }
)
2026-09-19T05:26:290.165Z,66.340589,Incoming:Stab,INFO Instance: Stab (RemoteEvent)
	Path: game:GetService("ReplicatedStorage").Events.Stab
	Status: Allowed
	Call Order In Log: 15
	-------------------- Event Data --------------------
	{
    CallOrderInLog = 15,
    DataFromHook = {
        Function = function(arg1)
            --[[Name: Anonymous Function | Line: 329
            Upvalues: 2
            Function Hash: 3861402f0c018b0365dd8032d742c5e0bf789fa2b256b2f45db79b98ff1f1fb672699ac2fb8f403b80556d8eb7312ba1
            LuaEncode: Unable to serialize function]]
            return
        end,
        Arguments = {
            workspace.joebeth89.Knife.Hold,
            n = 1
        },
        Origin = game:GetService("Players").LocalPlayer.PlayerScripts.KnifeReplication,
        IsExecutor = false,
        CreationTime = 1789824389.0876
    },
    EventType = "Incoming",
    RemoteInstanceInfo = {
        Path = "game:GetService(\"ReplicatedStorage\").Events.Stab",
        Name = "Stab",
        ClassName = "RemoteEvent"
    }
}
	-------------------- Generated Code --------------------
	-- This code was generated by Cobalt
-- https://gitlab.com/upio/cobalt

local Event = game:GetService("ReplicatedStorage").Events.Stab
firesignal(Event.OnClientEvent, 
    workspace.joebeth89.Knife.Hold
)
2026-09-19T05:26:290.671Z,66.845921,Incoming:Stab,INFO Instance: Stab (RemoteEvent)
	Path: game:GetService("ReplicatedStorage").Events.Stab
	Status: Allowed
	Call Order In Log: 16
	-------------------- Event Data --------------------
	{
    CallOrderInLog = 16,
    DataFromHook = {
        Function = function(arg1)
            --[[Name: Anonymous Function | Line: 329
            Upvalues: 2
            Function Hash: 3861402f0c018b0365dd8032d742c5e0bf789fa2b256b2f45db79b98ff1f1fb672699ac2fb8f403b80556d8eb7312ba1
            LuaEncode: Unable to serialize function]]
            return
        end,
        Arguments = {
            workspace.joebeth89.Knife.Hold,
            n = 1
        },
        Origin = game:GetService("Players").LocalPlayer.PlayerScripts.KnifeReplication,
        IsExecutor = false,
        CreationTime = 1789824389.5999
    },
    EventType = "Incoming",
    RemoteInstanceInfo = {
        Path = "game:GetService(\"ReplicatedStorage\").Events.Stab",
        Name = "Stab",
        ClassName = "RemoteEvent"
    }
}
	-------------------- Generated Code --------------------
	-- This code was generated by Cobalt
-- https://gitlab.com/upio/cobalt

local Event = game:GetService("ReplicatedStorage").Events.Stab
firesignal(Event.OnClientEvent, 
    workspace.joebeth89.Knife.Hold
)
2026-09-19T05:26:300.252Z,67.427411,Incoming:Stab,INFO Instance: Stab (RemoteEvent)
	Path: game:GetService("ReplicatedStorage").Events.Stab
	Status: Allowed
	Call Order In Log: 17
	-------------------- Event Data --------------------
	{
    CallOrderInLog = 17,
    DataFromHook = {
        Function = function(arg1)
            --[[Name: Anonymous Function | Line: 329
            Upvalues: 2
            Function Hash: 3861402f0c018b0365dd8032d742c5e0bf789fa2b256b2f45db79b98ff1f1fb672699ac2fb8f403b80556d8eb7312ba1
            LuaEncode: Unable to serialize function]]
            return
        end,
        Arguments = {
            workspace.joebeth89.Knife.Hold,
            n = 1
        },
        Origin = game:GetService("Players").LocalPlayer.PlayerScripts.KnifeReplication,
        IsExecutor = false,
        CreationTime = 1789824390.1773
    },
    EventType = "Incoming",
    RemoteInstanceInfo = {
        Path = "game:GetService(\"ReplicatedStorage\").Events.Stab",
        Name = "Stab",
        ClassName = "RemoteEvent"
    }
}
	-------------------- Generated Code --------------------
	-- This code was generated by Cobalt
-- https://gitlab.com/upio/cobalt

local Event = game:GetService("ReplicatedStorage").Events.Stab
firesignal(Event.OnClientEvent, 
    workspace.joebeth89.Knife.Hold
)
2026-09-19T05:26:300.324Z,67.499187,Incoming:KnifeHit,INFO Instance: KnifeHit (RemoteEvent)
	Path: game:GetService("ReplicatedStorage").Events.KnifeHit
	Status: Allowed
	Call Order In Log: 3
	-------------------- Event Data --------------------
	{
    CallOrderInLog = 3,
    DataFromHook = {
        Function = function(arg1, arg2)
            --[[Name: Anonymous Function | Line: 324
            Upvalues: 1
            Function Hash: 94f43b81f8008cf6fbbb9c34189f2bd258738e803e4a551198173fef7e349aff352862380b1f1cff43f23b849c3ead97
            LuaEncode: Unable to serialize function]]
            return
        end,
        Arguments = {
            workspace.jack_357096.HumanoidRootPart,
            "Yellow Bat",
            n = 2
        },
        Origin = game:GetService("Players").LocalPlayer.PlayerScripts.KnifeReplication,
        IsExecutor = false,
        CreationTime = 1789824390.179
    },
    EventType = "Incoming",
    RemoteInstanceInfo = {
        Path = "game:GetService(\"ReplicatedStorage\").Events.KnifeHit",
        Name = "KnifeHit",
        ClassName = "RemoteEvent"
    }
}
	-------------------- Generated Code --------------------
	-- This code was generated by Cobalt
-- https://gitlab.com/upio/cobalt

local Event = game:GetService("ReplicatedStorage").Events.KnifeHit
firesignal(Event.OnClientEvent, 
    workspace.jack_357096.HumanoidRootPart,
    "Yellow Bat"
)
2026-09-19T05:26:310.901Z,68.076027,Incoming:Stab,INFO Instance: Stab (RemoteEvent)
	Path: game:GetService("ReplicatedStorage").Events.Stab
	Status: Allowed
	Call Order In Log: 18
	-------------------- Event Data --------------------
	{
    CallOrderInLog = 18,
    DataFromHook = {
        Function = function(arg1)
            --[[Name: Anonymous Function | Line: 329
            Upvalues: 2
            Function Hash: 3861402f0c018b0365dd8032d742c5e0bf789fa2b256b2f45db79b98ff1f1fb672699ac2fb8f403b80556d8eb7312ba1
            LuaEncode: Unable to serialize function]]
            return
        end,
        Arguments = {
            workspace.joebeth89.Knife.Hold,
            n = 1
        },
        Origin = game:GetService("Players").LocalPlayer.PlayerScripts.KnifeReplication,
        IsExecutor = false,
        CreationTime = 1789824390.8263
    },
    EventType = "Incoming",
    RemoteInstanceInfo = {
        Path = "game:GetService(\"ReplicatedStorage\").Events.Stab",
        Name = "Stab",
        ClassName = "RemoteEvent"
    }
}
	-------------------- Generated Code --------------------
	-- This code was generated by Cobalt
-- https://gitlab.com/upio/cobalt

local Event = game:GetService("ReplicatedStorage").Events.Stab
firesignal(Event.OnClientEvent, 
    workspace.joebeth89.Knife.Hold
)
2026-09-19T05:26:330.358Z,70.533575,Incoming:Throw,INFO Instance: Throw (RemoteEvent)
	Path: game:GetService("ReplicatedStorage").Events.Throw
	Status: Allowed
	Call Order In Log: 12
	-------------------- Event Data --------------------
	{
    CallOrderInLog = 12,
    DataFromHook = {
        Function = function(arg1, arg2, arg3, arg4, arg5, arg6, arg7, arg8)
            --[[Name: Anonymous Function | Line: 320
            Upvalues: 0
            Function Hash: 277e19e1359a2bf76a657bf7dc7297aa13397724aafe1ebe11da13a1dbf204aab87c6acd52a47331f187c0b342321b65
            LuaEncode: Unable to serialize function]]
            return
        end,
        Arguments = {
            workspace.CurrentMap["Da Warehouse"].Map:GetChildren()[277],
            Vector3.new(1059.4978027344, 20.642967224121, -10.847881317139),
            Vector3.new(1, 0, 0),
            workspace.joebeth89.Knife.Hold,
            0.011111111111111,
            1,
            {
                Perk = "Thug Trap",
                Upgrade = "Explosive Knife"
            },
            1789795592.9496,
            n = 8
        },
        Origin = game:GetService("Players").LocalPlayer.PlayerScripts.KnifeReplication,
        IsExecutor = false,
        CreationTime = 1789824393.2619
    },
    EventType = "Incoming",
    RemoteInstanceInfo = {
        Path = "game:GetService(\"ReplicatedStorage\").Events.Throw",
        Name = "Throw",
        ClassName = "RemoteEvent"
    }
}
	-------------------- Generated Code --------------------
	-- This code was generated by Cobalt
-- https://gitlab.com/upio/cobalt

local Event = game:GetService("ReplicatedStorage").Events.Throw
firesignal(Event.OnClientEvent, 
    workspace.CurrentMap["Da Warehouse"].Map:GetChildren()[277],
    Vector3.new(1059.4978027344, 20.642967224121, -10.847881317139),
    Vector3.new(1, 0, 0),
    workspace.joebeth89.Knife.Hold,
    0.011111111111111,
    1,
    {
        Perk = "Thug Trap",
        Upgrade = "Explosive Knife"
    },
    1789795592.9496
)
2026-09-19T05:26:340.173Z,71.347999,Incoming:Stab,INFO Instance: Stab (RemoteEvent)
	Path: game:GetService("ReplicatedStorage").Events.Stab
	Status: Allowed
	Call Order In Log: 19
	-------------------- Event Data --------------------
	{
    CallOrderInLog = 19,
    DataFromHook = {
        Function = function(arg1)
            --[[Name: Anonymous Function | Line: 329
            Upvalues: 2
            Function Hash: 3861402f0c018b0365dd8032d742c5e0bf789fa2b256b2f45db79b98ff1f1fb672699ac2fb8f403b80556d8eb7312ba1
            LuaEncode: Unable to serialize function]]
            return
        end,
        Arguments = {
            workspace.joebeth89.Knife.Hold,
            n = 1
        },
        Origin = game:GetService("Players").LocalPlayer.PlayerScripts.KnifeReplication,
        IsExecutor = false,
        CreationTime = 1789824394.1069
    },
    EventType = "Incoming",
    RemoteInstanceInfo = {
        Path = "game:GetService(\"ReplicatedStorage\").Events.Stab",
        Name = "Stab",
        ClassName = "RemoteEvent"
    }
}
	-------------------- Generated Code --------------------
	-- This code was generated by Cobalt
-- https://gitlab.com/upio/cobalt

local Event = game:GetService("ReplicatedStorage").Events.Stab
firesignal(Event.OnClientEvent, 
    workspace.joebeth89.Knife.Hold
)
2026-09-19T05:26:340.517Z,71.691977,Incoming:KnifeHit,INFO Instance: KnifeHit (RemoteEvent)
	Path: game:GetService("ReplicatedStorage").Events.KnifeHit
	Status: Allowed
	Call Order In Log: 4
	-------------------- Event Data --------------------
	{
    CallOrderInLog = 4,
    DataFromHook = {
        Function = function(arg1, arg2)
            --[[Name: Anonymous Function | Line: 324
            Upvalues: 1
            Function Hash: 94f43b81f8008cf6fbbb9c34189f2bd258738e803e4a551198173fef7e349aff352862380b1f1cff43f23b849c3ead97
            LuaEncode: Unable to serialize function]]
            return
        end,
        Arguments = {
            workspace.dodonee_1006.HumanoidRootPart,
            "Yellow Bat",
            n = 2
        },
        Origin = game:GetService("Players").LocalPlayer.PlayerScripts.KnifeReplication,
        IsExecutor = false,
        CreationTime = 1789824394.4364
    },
    EventType = "Incoming",
    RemoteInstanceInfo = {
        Path = "game:GetService(\"ReplicatedStorage\").Events.KnifeHit",
        Name = "KnifeHit",
        ClassName = "RemoteEvent"
    }
}
	-------------------- Generated Code --------------------
	-- This code was generated by Cobalt
-- https://gitlab.com/upio/cobalt

local Event = game:GetService("ReplicatedStorage").Events.KnifeHit
firesignal(Event.OnClientEvent, 
    workspace.dodonee_1006.HumanoidRootPart,
    "Yellow Bat"
)
2026-09-19T05:26:350.856Z,72.031830,Incoming:Stab,INFO Instance: Stab (RemoteEvent)
	Path: game:GetService("ReplicatedStorage").Events.Stab
	Status: Allowed
	Call Order In Log: 20
	-------------------- Event Data --------------------
	{
    CallOrderInLog = 20,
    DataFromHook = {
        Function = function(arg1)
            --[[Name: Anonymous Function | Line: 329
            Upvalues: 2
            Function Hash: 3861402f0c018b0365dd8032d742c5e0bf789fa2b256b2f45db79b98ff1f1fb672699ac2fb8f403b80556d8eb7312ba1
            LuaEncode: Unable to serialize function]]
            return
        end,
        Arguments = {
            workspace.joebeth89.Knife.Hold,
            n = 1
        },
        Origin = game:GetService("Players").LocalPlayer.PlayerScripts.KnifeReplication,
        IsExecutor = false,
        CreationTime = 1789824394.7572
    },
    EventType = "Incoming",
    RemoteInstanceInfo = {
        Path = "game:GetService(\"ReplicatedStorage\").Events.Stab",
        Name = "Stab",
        ClassName = "RemoteEvent"
    }
}
	-------------------- Generated Code --------------------
	-- This code was generated by Cobalt
-- https://gitlab.com/upio/cobalt

local Event = game:GetService("ReplicatedStorage").Events.Stab
firesignal(Event.OnClientEvent, 
    workspace.joebeth89.Knife.Hold
)
2026-09-19T05:26:360.668Z,73.843249,Incoming:Stab,INFO Instance: Stab (RemoteEvent)
	Path: game:GetService("ReplicatedStorage").Events.Stab
	Status: Allowed
	Call Order In Log: 21
	-------------------- Event Data --------------------
	{
    CallOrderInLog = 21,
    DataFromHook = {
        Function = function(arg1)
            --[[Name: Anonymous Function | Line: 329
            Upvalues: 2
            Function Hash: 3861402f0c018b0365dd8032d742c5e0bf789fa2b256b2f45db79b98ff1f1fb672699ac2fb8f403b80556d8eb7312ba1
            LuaEncode: Unable to serialize function]]
            return
        end,
        Arguments = {
            workspace.joebeth89.Knife.Hold,
            n = 1
        },
        Origin = game:GetService("Players").LocalPlayer.PlayerScripts.KnifeReplication,
        IsExecutor = false,
        CreationTime = 1789824396.571
    },
    EventType = "Incoming",
    RemoteInstanceInfo = {
        Path = "game:GetService(\"ReplicatedStorage\").Events.Stab",
        Name = "Stab",
        ClassName = "RemoteEvent"
    }
}
	-------------------- Generated Code --------------------
	-- This code was generated by Cobalt
-- https://gitlab.com/upio/cobalt

local Event = game:GetService("ReplicatedStorage").Events.Stab
firesignal(Event.OnClientEvent, 
    workspace.joebeth89.Knife.Hold
)
2026-09-19T05:26:390.462Z,76.637374,Incoming:Throw,INFO Instance: Throw (RemoteEvent)
	Path: game:GetService("ReplicatedStorage").Events.Throw
	Status: Allowed
	Call Order In Log: 13
	-------------------- Event Data --------------------
	{
    CallOrderInLog = 13,
    DataFromHook = {
        Function = function(arg1, arg2, arg3, arg4, arg5, arg6, arg7, arg8)
            --[[Name: Anonymous Function | Line: 320
            Upvalues: 0
            Function Hash: 277e19e1359a2bf76a657bf7dc7297aa13397724aafe1ebe11da13a1dbf204aab87c6acd52a47331f187c0b342321b65
            LuaEncode: Unable to serialize function]]
            return
        end,
        Arguments = {
            workspace.CurrentMap["Da Warehouse"].Map:GetChildren()[411],
            Vector3.new(1232.5700683594, 42.264362335205, 22.668357849121),
            Vector3.new(-0.96591371297836, -0, -0.25886434316635),
            workspace.joebeth89.Knife.Hold,
            0.011111111111111,
            1,
            {
                Perk = "Thug Trap",
                Upgrade = "Explosive Knife"
            },
            1789795599.0607,
            n = 8
        },
        Origin = game:GetService("Players").LocalPlayer.PlayerScripts.KnifeReplication,
        IsExecutor = false,
        CreationTime = 1789824399.3628
    },
    EventType = "Incoming",
    RemoteInstanceInfo = {
        Path = "game:GetService(\"ReplicatedStorage\").Events.Throw",
        Name = "Throw",
        ClassName = "RemoteEvent"
    }
}
	-------------------- Generated Code --------------------
	-- This code was generated by Cobalt
-- https://gitlab.com/upio/cobalt

local Event = game:GetService("ReplicatedStorage").Events.Throw
firesignal(Event.OnClientEvent, 
    workspace.CurrentMap["Da Warehouse"].Map:GetChildren()[411],
    Vector3.new(1232.5700683594, 42.264362335205, 22.668357849121),
    Vector3.new(-0.96591371297836, -0, -0.25886434316635),
    workspace.joebeth89.Knife.Hold,
    0.011111111111111,
    1,
    {
        Perk = "Thug Trap",
        Upgrade = "Explosive Knife"
    },
    1789795599.0607
)
2026-09-19T05:26:410.340Z,78.515182,Incoming:Stab,INFO Instance: Stab (RemoteEvent)
	Path: game:GetService("ReplicatedStorage").Events.Stab
	Status: Allowed
	Call Order In Log: 22
	-------------------- Event Data --------------------
	{
    CallOrderInLog = 22,
    DataFromHook = {
        Function = function(arg1)
            --[[Name: Anonymous Function | Line: 329
            Upvalues: 2
            Function Hash: 3861402f0c018b0365dd8032d742c5e0bf789fa2b256b2f45db79b98ff1f1fb672699ac2fb8f403b80556d8eb7312ba1
            LuaEncode: Unable to serialize function]]
            return
        end,
        Arguments = {
            workspace.joebeth89.Knife.Hold,
            n = 1
        },
        Origin = game:GetService("Players").LocalPlayer.PlayerScripts.KnifeReplication,
        IsExecutor = false,
        CreationTime = 1789824401.1768
    },
    EventType = "Incoming",
    RemoteInstanceInfo = {
        Path = "game:GetService(\"ReplicatedStorage\").Events.Stab",
        Name = "Stab",
        ClassName = "RemoteEvent"
    }
}
	-------------------- Generated Code --------------------
	-- This code was generated by Cobalt
-- https://gitlab.com/upio/cobalt

local Event = game:GetService("ReplicatedStorage").Events.Stab
firesignal(Event.OnClientEvent, 
    workspace.joebeth89.Knife.Hold
)
2026-09-19T05:26:410.533Z,78.708712,Incoming:Stab,INFO Instance: Stab (RemoteEvent)
	Path: game:GetService("ReplicatedStorage").Events.Stab
	Status: Allowed
	Call Order In Log: 23
	-------------------- Event Data --------------------
	{
    CallOrderInLog = 23,
    DataFromHook = {
        Function = function(arg1)
            --[[Name: Anonymous Function | Line: 329
            Upvalues: 2
            Function Hash: 3861402f0c018b0365dd8032d742c5e0bf789fa2b256b2f45db79b98ff1f1fb672699ac2fb8f403b80556d8eb7312ba1
            LuaEncode: Unable to serialize function]]
            return
        end,
        Arguments = {
            workspace.joebeth89.Knife.Hold,
            n = 1
        },
        Origin = game:GetService("Players").LocalPlayer.PlayerScripts.KnifeReplication,
        IsExecutor = false,
        CreationTime = 1789824401.4114
    },
    EventType = "Incoming",
    RemoteInstanceInfo = {
        Path = "game:GetService(\"ReplicatedStorage\").Events.Stab",
        Name = "Stab",
        ClassName = "RemoteEvent"
    }
}
	-------------------- Generated Code --------------------
	-- This code was generated by Cobalt
-- https://gitlab.com/upio/cobalt

local Event = game:GetService("ReplicatedStorage").Events.Stab
firesignal(Event.OnClientEvent, 
    workspace.joebeth89.Knife.Hold
)
2026-09-19T05:26:420.185Z,79.360562,Incoming:Stab,INFO Instance: Stab (RemoteEvent)
	Path: game:GetService("ReplicatedStorage").Events.Stab
	Status: Allowed
	Call Order In Log: 24
	-------------------- Event Data --------------------
	{
    CallOrderInLog = 24,
    DataFromHook = {
        Function = function(arg1)
            --[[Name: Anonymous Function | Line: 329
            Upvalues: 2
            Function Hash: 3861402f0c018b0365dd8032d742c5e0bf789fa2b256b2f45db79b98ff1f1fb672699ac2fb8f403b80556d8eb7312ba1
            LuaEncode: Unable to serialize function]]
            return
        end,
        Arguments = {
            workspace.joebeth89.Knife.Hold,
            n = 1
        },
        Origin = game:GetService("Players").LocalPlayer.PlayerScripts.KnifeReplication,
        IsExecutor = false,
        CreationTime = 1789824402.053
    },
    EventType = "Incoming",
    RemoteInstanceInfo = {
        Path = "game:GetService(\"ReplicatedStorage\").Events.Stab",
        Name = "Stab",
        ClassName = "RemoteEvent"
    }
}
	-------------------- Generated Code --------------------
	-- This code was generated by Cobalt
-- https://gitlab.com/upio/cobalt

local Event = game:GetService("ReplicatedStorage").Events.Stab
firesignal(Event.OnClientEvent, 
    workspace.joebeth89.Knife.Hold
)
2026-09-19T05:26:420.781Z,79.956571,Incoming:Stab,INFO Instance: Stab (RemoteEvent)
	Path: game:GetService("ReplicatedStorage").Events.Stab
	Status: Allowed
	Call Order In Log: 25
	-------------------- Event Data --------------------
	{
    CallOrderInLog = 25,
    DataFromHook = {
        Function = function(arg1)
            --[[Name: Anonymous Function | Line: 329
            Upvalues: 2
            Function Hash: 3861402f0c018b0365dd8032d742c5e0bf789fa2b256b2f45db79b98ff1f1fb672699ac2fb8f403b80556d8eb7312ba1
            LuaEncode: Unable to serialize function]]
            return
        end,
        Arguments = {
            workspace.joebeth89.Knife.Hold,
            n = 1
        },
        Origin = game:GetService("Players").LocalPlayer.PlayerScripts.KnifeReplication,
        IsExecutor = false,
        CreationTime = 1789824402.6592
    },
    EventType = "Incoming",
    RemoteInstanceInfo = {
        Path = "game:GetService(\"ReplicatedStorage\").Events.Stab",
        Name = "Stab",
        ClassName = "RemoteEvent"
    }
}
	-------------------- Generated Code --------------------
	-- This code was generated by Cobalt
-- https://gitlab.com/upio/cobalt

local Event = game:GetService("ReplicatedStorage").Events.Stab
firesignal(Event.OnClientEvent, 
    workspace.joebeth89.Knife.Hold
)
2026-09-19T05:26:430.493Z,80.668682,Incoming:Fire,INFO Instance: Fire (RemoteEvent)
	Path: game:GetService("ReplicatedStorage").Events.Fire
	Status: Allowed
	Call Order In Log: 8
	-------------------- Event Data --------------------
	{
    CallOrderInLog = 8,
    DataFromHook = {
        Function = function(arg1, arg2, arg3, arg4, arg5, arg6)
            --[[Name: Anonymous Function | Line: 283
            Upvalues: 1
            Function Hash: ff0d50489e7421ddc1b23a41293bcdfc7cd2c135f355e0dea018a38a4c54c32489c7d2df9b4d0f2add043df909ccab25
            LuaEncode: Unable to serialize function]]
            return
        end,
        Arguments = {
            workspace.joebeth89.LeftUpperLeg,
            Vector3.new(1058.2572021484, 21.775550842285, 45.66881942749),
            Vector3.new(0.92405438423157, 0.16042904555798, 0.3469672203064),
            GetNil("Hold", "1_1587770"),
            1,
            {
                Upgrade = "Silent Shooter"
            },
            n = 6
        },
        Origin = game:GetService("Players").LocalPlayer.PlayerScripts.GunReplication,
        IsExecutor = false,
        CreationTime = 1789824403.1901
    },
    EventType = "Incoming",
    RemoteInstanceInfo = {
        Path = "game:GetService(\"ReplicatedStorage\").Events.Fire",
        Name = "Fire",
        ClassName = "RemoteEvent"
    }
}
	-------------------- Generated Code --------------------
	-- This code was generated by Cobalt
-- https://gitlab.com/upio/cobalt

local function GetNil(Name, DebugId)
	for _, Object in getnilinstances() do
		if Object.Name == Name and Object:GetDebugId() == DebugId then
			return Object
		end
	end
end

local Event = game:GetService("ReplicatedStorage").Events.Fire
firesignal(Event.OnClientEvent, 
    workspace.joebeth89.LeftUpperLeg,
    Vector3.new(1058.2572021484, 21.775550842285, 45.66881942749),
    Vector3.new(0.92405438423157, 0.16042904555798, 0.3469672203064),
    GetNil("Hold", "1_1587770"),
    1,
    {
        Upgrade = "Silent Shooter"
    }
)
2026-09-19T05:26:440.864Z,81.039303,Incoming:EndRound,INFO Instance: EndRound (RemoteEvent)
	Path: game:GetService("ReplicatedStorage").Events.EndRound
	Status: Allowed
	Call Order In Log: 1
	-------------------- Event Data --------------------
	{
    CallOrderInLog = 1,
    DataFromHook = {
        Function = function(arg1, arg2)
            --[[Name: Anonymous Function | Line: 1095
            Upvalues: 16
            Function Hash: 7572b4ea6e65c37cdbfe8d88bfb9b61f3b4b07eba6d69117fe48e2680804d1ac64f207b0c2fb14a7159c5d9e254ad656
            LuaEncode: Unable to serialize function]]
            return
        end,
        Arguments = {
            "Classic",
            {
                Vigita603 = {
                    Rewards = {},
                    Gems = 0,
                    Exp = 155
                },
                Plr2 = "https://www.roblox.com/headshot-thumbnail/image?userId=7263193358&width=420&height=420&format=png",
                blueberry_cupcake099 = {
                    Won = true,
                    Gems = 1,
                    Rewards = {},
                    Exp = 325
                },
                Murderer = game:GetService("Players").joebeth89,
                SheriffEffect = "Skeleton",
                SheriffSkin = "Slingshot",
                MurdererSkin = "Yellow Bat",
                afgikktfjrsiy = {
                    Exp = 325,
                    Gems = 1,
                    OldLevel = 3,
                    Won = true,
                    Rewards = {
                        Exp = "Survived 65 Seconds! <font color=\"rgb(0,255,0)\">+325 exp</font>"
                    }
                },
                voughn128 = {
                    Exp = 325,
                    Gems = 1,
                    OldLevel = 22,
                    Won = true,
                    Rewards = {
                        Exp = "Survived 65 Seconds! <font color=\"rgb(0,255,0)\">+325 exp</font>",
                        Exp2 = "Killed Murderer! <font color=\"rgb(0,255,0)\">+200 exp</font>"
                    }
                },
                ResultColor = Color3.new(0, 1, 0),
                joebeth89 = {
                    OldLevel = 20,
                    Rewards = {
                        Exp = "Killed 4 Players! <font color=\"rgb(0,255,0)\">+600 exp</font>"
                    },
                    Gems = 0,
                    Exp = 325
                },
                jack_357096 = {
                    OldLevel = 20,
                    Rewards = {
                        Exp = "Survived 53 Seconds! <font color=\"rgb(0,255,0)\">+265 exp</font>"
                    },
                    Gems = 0,
                    Exp = 265
                },
                Plr1 = "https://www.roblox.com/headshot-thumbnail/image?userId=10973748022&width=420&height=420&format=png",
                Sheriff = game:GetService("Players").voughn128,
                Roles = {
                    ["<Instance> (voughn128)"] = "Sheriff",
                    ["<Instance> (afgikktfjrsiy)"] = "Medic",
                    ["<Instance> (joebeth89)"] = "Murderer",
                    ["<Instance> (jack_357096)"] = "Sheriff",
                    ["<Instance> (Vigita603)"] = "Sheriff",
                    ["<Instance> (blueberry_cupcake099)"] = "Cop",
                    ["<Instance> (dodonee_1006)"] = "Sheriff"
                },
                dodonee_1006 = {
                    Rewards = {},
                    Gems = 0,
                    Exp = 285
                },
                Result = "The innocent win!",
                MurdererEffect = "Skeleton"
            },
            n = 2
        },
        Origin = game:GetService("Players").LocalPlayer.PlayerScripts.LocalRound,
        IsExecutor = false,
        CreationTime = 1789824403.5785
    },
    EventType = "Incoming",
    RemoteInstanceInfo = {
        Path = "game:GetService(\"ReplicatedStorage\").Events.EndRound",
        Name = "EndRound",
        ClassName = "RemoteEvent"
    }
}
	-------------------- Generated Code --------------------
	-- This code was generated by Cobalt
-- https://gitlab.com/upio/cobalt

local Event = game:GetService("ReplicatedStorage").Events.EndRound
firesignal(Event.OnClientEvent, 
    "Classic",
    {
        Vigita603 = {
            Rewards = {},
            Gems = 0,
            Exp = 155
        },
        Plr2 = "https://www.roblox.com/headshot-thumbnail/image?userId=7263193358&width=420&height=420&format=png",
        blueberry_cupcake099 = {
            Won = true,
            Gems = 1,
            Rewards = {},
            Exp = 325
        },
        Murderer = game:GetService("Players").joebeth89,
        SheriffEffect = "Skeleton",
        SheriffSkin = "Slingshot",
        MurdererSkin = "Yellow Bat",
        afgikktfjrsiy = {
            Exp = 325,
            Gems = 1,
            OldLevel = 3,
            Won = true,
            Rewards = {
                Exp = "Survived 65 Seconds! <font color=\"rgb(0,255,0)\">+325 exp</font>"
            }
        },
        voughn128 = {
            Exp = 325,
            Gems = 1,
            OldLevel = 22,
            Won = true,
            Rewards = {
                Exp = "Survived 65 Seconds! <font color=\"rgb(0,255,0)\">+325 exp</font>",
                Exp2 = "Killed Murderer! <font color=\"rgb(0,255,0)\">+200 exp</font>"
            }
        },
        ResultColor = Color3.new(0, 1, 0),
        joebeth89 = {
            OldLevel = 20,
            Rewards = {
                Exp = "Killed 4 Players! <font color=\"rgb(0,255,0)\">+600 exp</font>"
            },
            Gems = 0,
            Exp = 325
        },
        jack_357096 = {
            OldLevel = 20,
            Rewards = {
                Exp = "Survived 53 Seconds! <font color=\"rgb(0,255,0)\">+265 exp</font>"
            },
            Gems = 0,
            Exp = 265
        },
        Plr1 = "https://www.roblox.com/headshot-thumbnail/image?userId=10973748022&width=420&height=420&format=png",
        Sheriff = game:GetService("Players").voughn128,
        Roles = {
            ["<Instance> (voughn128)"] = "Sheriff",
            ["<Instance> (afgikktfjrsiy)"] = "Medic",
            ["<Instance> (joebeth89)"] = "Murderer",
            ["<Instance> (jack_357096)"] = "Sheriff",
            ["<Instance> (Vigita603)"] = "Sheriff",
            ["<Instance> (blueberry_cupcake099)"] = "Cop",
            ["<Instance> (dodonee_1006)"] = "Sheriff"
        },
        dodonee_1006 = {
            Rewards = {},
            Gems = 0,
            Exp = 285
        },
        Result = "The innocent win!",
        MurdererEffect = "Skeleton"
    }
)
2026-09-19T05:26:580.886Z,95.061115,Incoming:CoinJar,INFO Instance: CoinJar (RemoteEvent)
	Path: game:GetService("ReplicatedStorage").Events.CoinJar
	Status: Allowed
	Call Order In Log: 1
	-------------------- Event Data --------------------
	{
    CallOrderInLog = 1,
    DataFromHook = {
        Function = function(arg1)
            --[[Name: Anonymous Function | Line: 3164
            Upvalues: 1
            Function Hash: be34117755524cc1681df55726af32742be0ef4d197cf559a486840650f9b1d04321c3e69c3419d5f8e8f0675a5c7007
            LuaEncode: Unable to serialize function]]
            return
        end,
        Arguments = {
            28,
            n = 1
        },
        Origin = game:GetService("Players").LocalPlayer.PlayerScripts.ClientMain,
        IsExecutor = false,
        CreationTime = 1789824417.8219
    },
    EventType = "Incoming",
    RemoteInstanceInfo = {
        Path = "game:GetService(\"ReplicatedStorage\").Events.CoinJar",
        Name = "CoinJar",
        ClassName = "RemoteEvent"
    }
}
	-------------------- Generated Code --------------------
	-- This code was generated by Cobalt
-- https://gitlab.com/upio/cobalt

local Event = game:GetService("ReplicatedStorage").Events.CoinJar
firesignal(Event.OnClientEvent, 
    28
)
2026-09-19T05:27:170.399Z,114.574651,Incoming:FadeIn,INFO Instance: FadeIn (RemoteEvent)
	Path: game:GetService("ReplicatedStorage").Events.FadeIn
	Status: Allowed
	Call Order In Log: 2
	-------------------- Event Data --------------------
	{
    CallOrderInLog = 2,
    DataFromHook = {
        Function = function()
            --[[Name: Anonymous Function | Line: 865
            Upvalues: 2
            Function Hash: 3458463f3d50938eda3ef27f3e28a60494a22cea391caa5503ced01c2214545a6ef7de1e94b89a5e096d825e00d98cd8
            LuaEncode: Unable to serialize function]]
            return
        end,
        Arguments = {
            n = 0
        },
        Origin = game:GetService("Players").LocalPlayer.PlayerScripts.LocalRound,
        IsExecutor = false,
        CreationTime = 1789824437.3311
    },
    EventType = "Incoming",
    RemoteInstanceInfo = {
        Path = "game:GetService(\"ReplicatedStorage\").Events.FadeIn",
        Name = "FadeIn",
        ClassName = "RemoteEvent"
    }
}
	-------------------- Generated Code --------------------
	-- This code was generated by Cobalt
-- https://gitlab.com/upio/cobalt

local Event = game:GetService("ReplicatedStorage").Events.FadeIn
firesignal(Event.OnClientEvent)
2026-09-19T05:27:190.512Z,116.687177,Incoming:NewRound,INFO Instance: NewRound (RemoteEvent)
	Path: game:GetService("ReplicatedStorage").Events.NewRound
	Status: Allowed
	Call Order In Log: 2
	-------------------- Event Data --------------------
	{
    CallOrderInLog = 2,
    DataFromHook = {
        Function = function(arg1, arg2, arg3)
            --[[Name: Anonymous Function | Line: 169
            Upvalues: 16
            Function Hash: 08d6af1761a37d1cee75bbe04b3b4cf7b7996072b6e030824bd4a6f23c135922713ab0f268dc57ad584bc431bdedfeea
            LuaEncode: Unable to serialize function]]
            return
        end,
        Arguments = {
            "Sheriff",
            "Classic",
            CFrame.new(1083.9978027344, 14.695533752441, 201.9287109375, -1, 0, 0, 0, 1, 0, 0, 0, -1),
            n = 3
        },
        Origin = game:GetService("Players").LocalPlayer.PlayerScripts.LocalRound,
        IsExecutor = false,
        CreationTime = 1789824439.417
    },
    EventType = "Incoming",
    RemoteInstanceInfo = {
        Path = "game:GetService(\"ReplicatedStorage\").Events.NewRound",
        Name = "NewRound",
        ClassName = "RemoteEvent"
    }
}
	-------------------- Generated Code --------------------
	-- This code was generated by Cobalt
-- https://gitlab.com/upio/cobalt

local Event = game:GetService("ReplicatedStorage").Events.NewRound
firesignal(Event.OnClientEvent, 
    "Sheriff",
    "Classic",
    CFrame.new(1083.9978027344, 14.695533752441, 201.9287109375, -1, 0, 0, 0, 1, 0, 0, 0, -1)
)
2026-09-19T05:27:200.538Z,117.713151,Incoming:FadeOut,INFO Instance: FadeOut (RemoteEvent)
	Path: game:GetService("ReplicatedStorage").Events.FadeOut
	Status: Allowed
	Call Order In Log: 2
	-------------------- Event Data --------------------
	{
    CallOrderInLog = 2,
    DataFromHook = {
        Function = function()
            --[[Name: Anonymous Function | Line: 889
            Upvalues: 2
            Function Hash: 9f6d916c1cfb0edc0226a47c155ddbe5234be89ec104ecf3943a583c8f7e3403df226000afa11cb047320ea3198218a6
            LuaEncode: Unable to serialize function]]
            return
        end,
        Arguments = {
            n = 0
        },
        Origin = game:GetService("Players").LocalPlayer.PlayerScripts.LocalRound,
        IsExecutor = false,
        CreationTime = 1789824440.4389
    },
    EventType = "Incoming",
    RemoteInstanceInfo = {
        Path = "game:GetService(\"ReplicatedStorage\").Events.FadeOut",
        Name = "FadeOut",
        ClassName = "RemoteEvent"
    }
}
	-------------------- Generated Code --------------------
	-- This code was generated by Cobalt
-- https://gitlab.com/upio/cobalt

local Event = game:GetService("ReplicatedStorage").Events.FadeOut
firesignal(Event.OnClientEvent)
2026-09-19T05:27:530.810Z,149.985001,Incoming:Stab,INFO Instance: Stab (RemoteEvent)
	Path: game:GetService("ReplicatedStorage").Events.Stab
	Status: Allowed
	Call Order In Log: 26
	-------------------- Event Data --------------------
	{
    CallOrderInLog = 26,
    DataFromHook = {
        Function = function(arg1)
            --[[Name: Anonymous Function | Line: 329
            Upvalues: 2
            Function Hash: 3861402f0c018b0365dd8032d742c5e0bf789fa2b256b2f45db79b98ff1f1fb672699ac2fb8f403b80556d8eb7312ba1
            LuaEncode: Unable to serialize function]]
            return
        end,
        Arguments = {
            workspace.voughn128.Knife.Hold,
            n = 1
        },
        Origin = game:GetService("Players").LocalPlayer.PlayerScripts.KnifeReplication,
        IsExecutor = false,
        CreationTime = 1789824472.6914
    },
    EventType = "Incoming",
    RemoteInstanceInfo = {
        Path = "game:GetService(\"ReplicatedStorage\").Events.Stab",
        Name = "Stab",
        ClassName = "RemoteEvent"
    }
}
	-------------------- Generated Code --------------------
	-- This code was generated by Cobalt
-- https://gitlab.com/upio/cobalt

local Event = game:GetService("ReplicatedStorage").Events.Stab
firesignal(Event.OnClientEvent, 
    workspace.voughn128.Knife.Hold
)
2026-09-19T05:27:530.905Z,150.080544,Incoming:KnifeHit,INFO Instance: KnifeHit (RemoteEvent)
	Path: game:GetService("ReplicatedStorage").Events.KnifeHit
	Status: Allowed
	Call Order In Log: 5
	-------------------- Event Data --------------------
	{
    CallOrderInLog = 5,
    DataFromHook = {
        Function = function(arg1, arg2)
            --[[Name: Anonymous Function | Line: 324
            Upvalues: 1
            Function Hash: 94f43b81f8008cf6fbbb9c34189f2bd258738e803e4a551198173fef7e349aff352862380b1f1cff43f23b849c3ead97
            LuaEncode: Unable to serialize function]]
            return
        end,
        Arguments = {
            workspace.cgf6778.HumanoidRootPart,
            "Toasty Marshmallow",
            n = 2
        },
        Origin = game:GetService("Players").LocalPlayer.PlayerScripts.KnifeReplication,
        IsExecutor = false,
        CreationTime = 1789824472.6925
    },
    EventType = "Incoming",
    RemoteInstanceInfo = {
        Path = "game:GetService(\"ReplicatedStorage\").Events.KnifeHit",
        Name = "KnifeHit",
        ClassName = "RemoteEvent"
    }
}
	-------------------- Generated Code --------------------
	-- This code was generated by Cobalt
-- https://gitlab.com/upio/cobalt

local Event = game:GetService("ReplicatedStorage").Events.KnifeHit
firesignal(Event.OnClientEvent, 
    workspace.cgf6778.HumanoidRootPart,
    "Toasty Marshmallow"
)
2026-09-19T05:27:590.939Z,156.114132,Incoming:EventQuest,INFO Instance: EventQuest (RemoteEvent)
	Path: game:GetService("ReplicatedStorage").Events.EventQuest
	Status: Allowed
	Call Order In Log: 1
	-------------------- Event Data --------------------
	{
    CallOrderInLog = 1,
    DataFromHook = {
        Function = function(arg1, arg2, arg3, arg4)
            --[[Name: Anonymous Function | Line: 400
            Upvalues: 4
            Function Hash: 0fac24ce6d4f7c26a6cec69393042a72754d8564cf1ef86c4012a6903f650e29ddb126f76596d670d9fe0938679d6745
            LuaEncode: Unable to serialize function]]
            return
        end,
        Arguments = {
            {
                NeededProgress = 100,
                Description = "Collect %s/100 BeachBalls!"
            },
            "Collect 100 BeachBalls",
            10,
            "Update",
            n = 4
        },
        Origin = game:GetService("Players").LocalPlayer.PlayerScripts.QuestHandler,
        IsExecutor = false,
        CreationTime = 1789824478.7772
    },
    EventType = "Incoming",
    RemoteInstanceInfo = {
        Path = "game:GetService(\"ReplicatedStorage\").Events.EventQuest",
        Name = "EventQuest",
        ClassName = "RemoteEvent"
    }
}
	-------------------- Generated Code --------------------
	-- This code was generated by Cobalt
-- https://gitlab.com/upio/cobalt

local Event = game:GetService("ReplicatedStorage").Events.EventQuest
firesignal(Event.OnClientEvent, 
    {
        NeededProgress = 100,
        Description = "Collect %s/100 BeachBalls!"
    },
    "Collect 100 BeachBalls",
    10,
    "Update"
)
2026-09-19T05:27:590.023Z,156.197942,Incoming:CoinsVFX,INFO Instance: CoinsVFX (RemoteEvent)
	Path: game:GetService("ReplicatedStorage").Events.CoinsVFX
	Status: Allowed
	Call Order In Log: 4
	-------------------- Event Data --------------------
	{
    CallOrderInLog = 4,
    DataFromHook = {
        Function = function(arg1, arg2, arg3, arg4)
            --[[Name: handle_coins_remote | Line: 165
            Upvalues: 3
            Function Hash: 659278b0711715b38d0d49ce4becee2a4a99edd641d0978c45cf4b3faa3f4262c0ae3801725d8f2842160440ca6e3326
            LuaEncode: Unable to serialize function]]
            return
        end,
        Arguments = {
            Vector3.new(1067.9978027344, 11.245533943176, 226.92872619629),
            5,
            5,
            "BeachBalls",
            n = 4
        },
        Origin = game:GetService("Players").LocalPlayer.PlayerScripts.CoinsDropHandler,
        IsExecutor = false,
        CreationTime = 1789824478.7792
    },
    EventType = "Incoming",
    RemoteInstanceInfo = {
        Path = "game:GetService(\"ReplicatedStorage\").Events.CoinsVFX",
        Name = "CoinsVFX",
        ClassName = "RemoteEvent"
    }
}
	-------------------- Generated Code --------------------
	-- This code was generated by Cobalt
-- https://gitlab.com/upio/cobalt

local Event = game:GetService("ReplicatedStorage").Events.CoinsVFX
firesignal(Event.OnClientEvent, 
    Vector3.new(1067.9978027344, 11.245533943176, 226.92872619629),
    5,
    5,
    "BeachBalls"
)
2026-09-19T05:28:080.738Z,165.913102,Incoming:Stab,INFO Instance: Stab (RemoteEvent)
	Path: game:GetService("ReplicatedStorage").Events.Stab
	Status: Allowed
	Call Order In Log: 27
	-------------------- Event Data --------------------
	{
    CallOrderInLog = 27,
    DataFromHook = {
        Function = function(arg1)
            --[[Name: Anonymous Function | Line: 329
            Upvalues: 2
            Function Hash: 3861402f0c018b0365dd8032d742c5e0bf789fa2b256b2f45db79b98ff1f1fb672699ac2fb8f403b80556d8eb7312ba1
            LuaEncode: Unable to serialize function]]
            return
        end,
        Arguments = {
            workspace.voughn128.Knife.Hold,
            n = 1
        },
        Origin = game:GetService("Players").LocalPlayer.PlayerScripts.KnifeReplication,
        IsExecutor = false,
        CreationTime = 1789824488.6154
    },
    EventType = "Incoming",
    RemoteInstanceInfo = {
        Path = "game:GetService(\"ReplicatedStorage\").Events.Stab",
        Name = "Stab",
        ClassName = "RemoteEvent"
    }
}
	-------------------- Generated Code --------------------
	-- This code was generated by Cobalt
-- https://gitlab.com/upio/cobalt

local Event = game:GetService("ReplicatedStorage").Events.Stab
firesignal(Event.OnClientEvent, 
    workspace.voughn128.Knife.Hold
)
2026-09-19T05:28:090.275Z,166.450494,Incoming:Stab,INFO Instance: Stab (RemoteEvent)
	Path: game:GetService("ReplicatedStorage").Events.Stab
	Status: Allowed
	Call Order In Log: 28
	-------------------- Event Data --------------------
	{
    CallOrderInLog = 28,
    DataFromHook = {
        Function = function(arg1)
            --[[Name: Anonymous Function | Line: 329
            Upvalues: 2
            Function Hash: 3861402f0c018b0365dd8032d742c5e0bf789fa2b256b2f45db79b98ff1f1fb672699ac2fb8f403b80556d8eb7312ba1
            LuaEncode: Unable to serialize function]]
            return
        end,
        Arguments = {
            workspace.voughn128.Knife.Hold,
            n = 1
        },
        Origin = game:GetService("Players").LocalPlayer.PlayerScripts.KnifeReplication,
        IsExecutor = false,
        CreationTime = 1789824489.1756
    },
    EventType = "Incoming",
    RemoteInstanceInfo = {
        Path = "game:GetService(\"ReplicatedStorage\").Events.Stab",
        Name = "Stab",
        ClassName = "RemoteEvent"
    }
}
	-------------------- Generated Code --------------------
	-- This code was generated by Cobalt
-- https://gitlab.com/upio/cobalt

local Event = game:GetService("ReplicatedStorage").Events.Stab
firesignal(Event.OnClientEvent, 
    workspace.voughn128.Knife.Hold
)
2026-09-19T05:28:090.717Z,166.892677,Incoming:Stab,INFO Instance: Stab (RemoteEvent)
	Path: game:GetService("ReplicatedStorage").Events.Stab
	Status: Allowed
	Call Order In Log: 29
	-------------------- Event Data --------------------
	{
    CallOrderInLog = 29,
    DataFromHook = {
        Function = function(arg1)
            --[[Name: Anonymous Function | Line: 329
            Upvalues: 2
            Function Hash: 3861402f0c018b0365dd8032d742c5e0bf789fa2b256b2f45db79b98ff1f1fb672699ac2fb8f403b80556d8eb7312ba1
            LuaEncode: Unable to serialize function]]
            return
        end,
        Arguments = {
            workspace.voughn128.Knife.Hold,
            n = 1
        },
        Origin = game:GetService("Players").LocalPlayer.PlayerScripts.KnifeReplication,
        IsExecutor = false,
        CreationTime = 1789824489.6103
    },
    EventType = "Incoming",
    RemoteInstanceInfo = {
        Path = "game:GetService(\"ReplicatedStorage\").Events.Stab",
        Name = "Stab",
        ClassName = "RemoteEvent"
    }
}
	-------------------- Generated Code --------------------
	-- This code was generated by Cobalt
-- https://gitlab.com/upio/cobalt

local Event = game:GetService("ReplicatedStorage").Events.Stab
firesignal(Event.OnClientEvent, 
    workspace.voughn128.Knife.Hold
)
2026-09-19T05:28:100.566Z,167.741042,Incoming:Stab,INFO Instance: Stab (RemoteEvent)
	Path: game:GetService("ReplicatedStorage").Events.Stab
	Status: Allowed
	Call Order In Log: 30
	-------------------- Event Data --------------------
	{
    CallOrderInLog = 30,
    DataFromHook = {
        Function = function(arg1)
            --[[Name: Anonymous Function | Line: 329
            Upvalues: 2
            Function Hash: 3861402f0c018b0365dd8032d742c5e0bf789fa2b256b2f45db79b98ff1f1fb672699ac2fb8f403b80556d8eb7312ba1
            LuaEncode: Unable to serialize function]]
            return
        end,
        Arguments = {
            workspace.voughn128.Knife.Hold,
            n = 1
        },
        Origin = game:GetService("Players").LocalPlayer.PlayerScripts.KnifeReplication,
        IsExecutor = false,
        CreationTime = 1789824490.4512
    },
    EventType = "Incoming",
    RemoteInstanceInfo = {
        Path = "game:GetService(\"ReplicatedStorage\").Events.Stab",
        Name = "Stab",
        ClassName = "RemoteEvent"
    }
}
	-------------------- Generated Code --------------------
	-- This code was generated by Cobalt
-- https://gitlab.com/upio/cobalt

local Event = game:GetService("ReplicatedStorage").Events.Stab
firesignal(Event.OnClientEvent, 
    workspace.voughn128.Knife.Hold
)
2026-09-19T05:28:110.844Z,168.019518,Incoming:Stab,INFO Instance: Stab (RemoteEvent)
	Path: game:GetService("ReplicatedStorage").Events.Stab
	Status: Allowed
	Call Order In Log: 31
	-------------------- Event Data --------------------
	{
    CallOrderInLog = 31,
    DataFromHook = {
        Function = function(arg1)
            --[[Name: Anonymous Function | Line: 329
            Upvalues: 2
            Function Hash: 3861402f0c018b0365dd8032d742c5e0bf789fa2b256b2f45db79b98ff1f1fb672699ac2fb8f403b80556d8eb7312ba1
            LuaEncode: Unable to serialize function]]
            return
        end,
        Arguments = {
            workspace.voughn128.Knife.Hold,
            n = 1
        },
        Origin = game:GetService("Players").LocalPlayer.PlayerScripts.KnifeReplication,
        IsExecutor = false,
        CreationTime = 1789824490.7344
    },
    EventType = "Incoming",
    RemoteInstanceInfo = {
        Path = "game:GetService(\"ReplicatedStorage\").Events.Stab",
        Name = "Stab",
        ClassName = "RemoteEvent"
    }
}
	-------------------- Generated Code --------------------
	-- This code was generated by Cobalt
-- https://gitlab.com/upio/cobalt

local Event = game:GetService("ReplicatedStorage").Events.Stab
firesignal(Event.OnClientEvent, 
    workspace.voughn128.Knife.Hold
)
2026-09-19T05:28:110.107Z,168.282266,Incoming:KnifeHit,INFO Instance: KnifeHit (RemoteEvent)
	Path: game:GetService("ReplicatedStorage").Events.KnifeHit
	Status: Allowed
	Call Order In Log: 6
	-------------------- Event Data --------------------
	{
    CallOrderInLog = 6,
    DataFromHook = {
        Function = function(arg1, arg2)
            --[[Name: Anonymous Function | Line: 324
            Upvalues: 1
            Function Hash: 94f43b81f8008cf6fbbb9c34189f2bd258738e803e4a551198173fef7e349aff352862380b1f1cff43f23b849c3ead97
            LuaEncode: Unable to serialize function]]
            return
        end,
        Arguments = {
            workspace.joebeth89.HumanoidRootPart,
            "Toasty Marshmallow",
            n = 2
        },
        Origin = game:GetService("Players").LocalPlayer.PlayerScripts.KnifeReplication,
        IsExecutor = false,
        CreationTime = 1789824490.9171
    },
    EventType = "Incoming",
    RemoteInstanceInfo = {
        Path = "game:GetService(\"ReplicatedStorage\").Events.KnifeHit",
        Name = "KnifeHit",
        ClassName = "RemoteEvent"
    }
}
	-------------------- Generated Code --------------------
	-- This code was generated by Cobalt
-- https://gitlab.com/upio/cobalt

local Event = game:GetService("ReplicatedStorage").Events.KnifeHit
firesignal(Event.OnClientEvent, 
    workspace.joebeth89.HumanoidRootPart,
    "Toasty Marshmallow"
)
2026-09-19T05:28:110.664Z,168.839649,Incoming:Stab,INFO Instance: Stab (RemoteEvent)
	Path: game:GetService("ReplicatedStorage").Events.Stab
	Status: Allowed
	Call Order In Log: 32
	-------------------- Event Data --------------------
	{
    CallOrderInLog = 32,
    DataFromHook = {
        Function = function(arg1)
            --[[Name: Anonymous Function | Line: 329
            Upvalues: 2
            Function Hash: 3861402f0c018b0365dd8032d742c5e0bf789fa2b256b2f45db79b98ff1f1fb672699ac2fb8f403b80556d8eb7312ba1
            LuaEncode: Unable to serialize function]]
            return
        end,
        Arguments = {
            workspace.voughn128.Knife.Hold,
            n = 1
        },
        Origin = game:GetService("Players").LocalPlayer.PlayerScripts.KnifeReplication,
        IsExecutor = false,
        CreationTime = 1789824491.5071
    },
    EventType = "Incoming",
    RemoteInstanceInfo = {
        Path = "game:GetService(\"ReplicatedStorage\").Events.Stab",
        Name = "Stab",
        ClassName = "RemoteEvent"
    }
}
	-------------------- Generated Code --------------------
	-- This code was generated by Cobalt
-- https://gitlab.com/upio/cobalt

local Event = game:GetService("ReplicatedStorage").Events.Stab
firesignal(Event.OnClientEvent, 
    workspace.voughn128.Knife.Hold
)
2026-09-19T05:28:120.169Z,169.344537,Incoming:Stab,INFO Instance: Stab (RemoteEvent)
	Path: game:GetService("ReplicatedStorage").Events.Stab
	Status: Allowed
	Call Order In Log: 33
	-------------------- Event Data --------------------
	{
    CallOrderInLog = 33,
    DataFromHook = {
        Function = function(arg1)
            --[[Name: Anonymous Function | Line: 329
            Upvalues: 2
            Function Hash: 3861402f0c018b0365dd8032d742c5e0bf789fa2b256b2f45db79b98ff1f1fb672699ac2fb8f403b80556d8eb7312ba1
            LuaEncode: Unable to serialize function]]
            return
        end,
        Arguments = {
            workspace.voughn128.Knife.Hold,
            n = 1
        },
        Origin = game:GetService("Players").LocalPlayer.PlayerScripts.KnifeReplication,
        IsExecutor = false,
        CreationTime = 1789824491.9952
    },
    EventType = "Incoming",
    RemoteInstanceInfo = {
        Path = "game:GetService(\"ReplicatedStorage\").Events.Stab",
        Name = "Stab",
        ClassName = "RemoteEvent"
    }
}
	-------------------- Generated Code --------------------
	-- This code was generated by Cobalt
-- https://gitlab.com/upio/cobalt

local Event = game:GetService("ReplicatedStorage").Events.Stab
firesignal(Event.OnClientEvent, 
    workspace.voughn128.Knife.Hold
)
2026-09-19T05:28:130.950Z,170.125267,Incoming:Stab,INFO Instance: Stab (RemoteEvent)
	Path: game:GetService("ReplicatedStorage").Events.Stab
	Status: Allowed
	Call Order In Log: 34
	-------------------- Event Data --------------------
	{
    CallOrderInLog = 34,
    DataFromHook = {
        Function = function(arg1)
            --[[Name: Anonymous Function | Line: 329
            Upvalues: 2
            Function Hash: 3861402f0c018b0365dd8032d742c5e0bf789fa2b256b2f45db79b98ff1f1fb672699ac2fb8f403b80556d8eb7312ba1
            LuaEncode: Unable to serialize function]]
            return
        end,
        Arguments = {
            workspace.voughn128.Knife.Hold,
            n = 1
        },
        Origin = game:GetService("Players").LocalPlayer.PlayerScripts.KnifeReplication,
        IsExecutor = false,
        CreationTime = 1789824492.807
    },
    EventType = "Incoming",
    RemoteInstanceInfo = {
        Path = "game:GetService(\"ReplicatedStorage\").Events.Stab",
        Name = "Stab",
        ClassName = "RemoteEvent"
    }
}
	-------------------- Generated Code --------------------
	-- This code was generated by Cobalt
-- https://gitlab.com/upio/cobalt

local Event = game:GetService("ReplicatedStorage").Events.Stab
firesignal(Event.OnClientEvent, 
    workspace.voughn128.Knife.Hold
)
2026-09-19T05:28:130.744Z,170.919160,Incoming:Stab,INFO Instance: Stab (RemoteEvent)
	Path: game:GetService("ReplicatedStorage").Events.Stab
	Status: Allowed
	Call Order In Log: 35
	-------------------- Event Data --------------------
	{
    CallOrderInLog = 35,
    DataFromHook = {
        Function = function(arg1)
            --[[Name: Anonymous Function | Line: 329
            Upvalues: 2
            Function Hash: 3861402f0c018b0365dd8032d742c5e0bf789fa2b256b2f45db79b98ff1f1fb672699ac2fb8f403b80556d8eb7312ba1
            LuaEncode: Unable to serialize function]]
            return
        end,
        Arguments = {
            workspace.voughn128.Knife.Hold,
            n = 1
        },
        Origin = game:GetService("Players").LocalPlayer.PlayerScripts.KnifeReplication,
        IsExecutor = false,
        CreationTime = 1789824493.6629
    },
    EventType = "Incoming",
    RemoteInstanceInfo = {
        Path = "game:GetService(\"ReplicatedStorage\").Events.Stab",
        Name = "Stab",
        ClassName = "RemoteEvent"
    }
}
	-------------------- Generated Code --------------------
	-- This code was generated by Cobalt
-- https://gitlab.com/upio/cobalt

local Event = game:GetService("ReplicatedStorage").Events.Stab
firesignal(Event.OnClientEvent, 
    workspace.voughn128.Knife.Hold
)
2026-09-19T05:28:140.987Z,171.162591,Incoming:Stab,INFO Instance: Stab (RemoteEvent)
	Path: game:GetService("ReplicatedStorage").Events.Stab
	Status: Allowed
	Call Order In Log: 36
	-------------------- Event Data --------------------
	{
    CallOrderInLog = 36,
    DataFromHook = {
        Function = function(arg1)
            --[[Name: Anonymous Function | Line: 329
            Upvalues: 2
            Function Hash: 3861402f0c018b0365dd8032d742c5e0bf789fa2b256b2f45db79b98ff1f1fb672699ac2fb8f403b80556d8eb7312ba1
            LuaEncode: Unable to serialize function]]
            return
        end,
        Arguments = {
            workspace.voughn128.Knife.Hold,
            n = 1
        },
        Origin = game:GetService("Players").LocalPlayer.PlayerScripts.KnifeReplication,
        IsExecutor = false,
        CreationTime = 1789824493.9089
    },
    EventType = "Incoming",
    RemoteInstanceInfo = {
        Path = "game:GetService(\"ReplicatedStorage\").Events.Stab",
        Name = "Stab",
        ClassName = "RemoteEvent"
    }
}
	-------------------- Generated Code --------------------
	-- This code was generated by Cobalt
-- https://gitlab.com/upio/cobalt

local Event = game:GetService("ReplicatedStorage").Events.Stab
firesignal(Event.OnClientEvent, 
    workspace.voughn128.Knife.Hold
)
2026-09-19T05:28:140.546Z,171.721183,Incoming:Stab,INFO Instance: Stab (RemoteEvent)
	Path: game:GetService("ReplicatedStorage").Events.Stab
	Status: Allowed
	Call Order In Log: 37
	-------------------- Event Data --------------------
	{
    CallOrderInLog = 37,
    DataFromHook = {
        Function = function(arg1)
            --[[Name: Anonymous Function | Line: 329
            Upvalues: 2
            Function Hash: 3861402f0c018b0365dd8032d742c5e0bf789fa2b256b2f45db79b98ff1f1fb672699ac2fb8f403b80556d8eb7312ba1
            LuaEncode: Unable to serialize function]]
            return
        end,
        Arguments = {
            workspace.voughn128.Knife.Hold,
            n = 1
        },
        Origin = game:GetService("Players").LocalPlayer.PlayerScripts.KnifeReplication,
        IsExecutor = false,
        CreationTime = 1789824494.4664
    },
    EventType = "Incoming",
    RemoteInstanceInfo = {
        Path = "game:GetService(\"ReplicatedStorage\").Events.Stab",
        Name = "Stab",
        ClassName = "RemoteEvent"
    }
}
	-------------------- Generated Code --------------------
	-- This code was generated by Cobalt
-- https://gitlab.com/upio/cobalt

local Event = game:GetService("ReplicatedStorage").Events.Stab
firesignal(Event.OnClientEvent, 
    workspace.voughn128.Knife.Hold
)
2026-09-19T05:28:150.001Z,172.176249,Incoming:Stab,INFO Instance: Stab (RemoteEvent)
	Path: game:GetService("ReplicatedStorage").Events.Stab
	Status: Allowed
	Call Order In Log: 38
	-------------------- Event Data --------------------
	{
    CallOrderInLog = 38,
    DataFromHook = {
        Function = function(arg1)
            --[[Name: Anonymous Function | Line: 329
            Upvalues: 2
            Function Hash: 3861402f0c018b0365dd8032d742c5e0bf789fa2b256b2f45db79b98ff1f1fb672699ac2fb8f403b80556d8eb7312ba1
            LuaEncode: Unable to serialize function]]
            return
        end,
        Arguments = {
            workspace.voughn128.Knife.Hold,
            n = 1
        },
        Origin = game:GetService("Players").LocalPlayer.PlayerScripts.KnifeReplication,
        IsExecutor = false,
        CreationTime = 1789824494.9312
    },
    EventType = "Incoming",
    RemoteInstanceInfo = {
        Path = "game:GetService(\"ReplicatedStorage\").Events.Stab",
        Name = "Stab",
        ClassName = "RemoteEvent"
    }
}
	-------------------- Generated Code --------------------
	-- This code was generated by Cobalt
-- https://gitlab.com/upio/cobalt

local Event = game:GetService("ReplicatedStorage").Events.Stab
firesignal(Event.OnClientEvent, 
    workspace.voughn128.Knife.Hold
)
2026-09-19T05:28:150.538Z,172.713799,Incoming:Stab,INFO Instance: Stab (RemoteEvent)
	Path: game:GetService("ReplicatedStorage").Events.Stab
	Status: Allowed
	Call Order In Log: 39
	-------------------- Event Data --------------------
	{
    CallOrderInLog = 39,
    DataFromHook = {
        Function = function(arg1)
            --[[Name: Anonymous Function | Line: 329
            Upvalues: 2
            Function Hash: 3861402f0c018b0365dd8032d742c5e0bf789fa2b256b2f45db79b98ff1f1fb672699ac2fb8f403b80556d8eb7312ba1
            LuaEncode: Unable to serialize function]]
            return
        end,
        Arguments = {
            workspace.voughn128.Knife.Hold,
            n = 1
        },
        Origin = game:GetService("Players").LocalPlayer.PlayerScripts.KnifeReplication,
        IsExecutor = false,
        CreationTime = 1789824495.471
    },
    EventType = "Incoming",
    RemoteInstanceInfo = {
        Path = "game:GetService(\"ReplicatedStorage\").Events.Stab",
        Name = "Stab",
        ClassName = "RemoteEvent"
    }
}
	-------------------- Generated Code --------------------
	-- This code was generated by Cobalt
-- https://gitlab.com/upio/cobalt

local Event = game:GetService("ReplicatedStorage").Events.Stab
firesignal(Event.OnClientEvent, 
    workspace.voughn128.Knife.Hold
)
2026-09-19T05:28:160.944Z,173.119828,Incoming:ServerChatMessage,INFO Instance: ServerChatMessage (RemoteEvent)
	Path: game:GetService("ReplicatedStorage").Events.ServerChatMessage
	Status: Allowed
	Call Order In Log: 2
	-------------------- Event Data --------------------
	{
    CallOrderInLog = 2,
    DataFromHook = {
        Function = function(arg1, arg2)
            --[[Name: Anonymous Function | Line: 3038
            Upvalues: 1
            Function Hash: 2dee2350f7370083c3daad88d4f43f969c2732170dde4b29fe9ea35316223f3bcbc1a279fd97dfc57d0a523463f212fb
            LuaEncode: Unable to serialize function]]
            return
        end,
        Arguments = {
            "cgf6778 Used a Revive!",
            Color3.new(1, 0.66666668653488, 1),
            n = 2
        },
        Origin = game:GetService("Players").LocalPlayer.PlayerScripts.ClientMain,
        IsExecutor = false,
        CreationTime = 1789824495.861
    },
    EventType = "Incoming",
    RemoteInstanceInfo = {
        Path = "game:GetService(\"ReplicatedStorage\").Events.ServerChatMessage",
        Name = "ServerChatMessage",
        ClassName = "RemoteEvent"
    }
}
	-------------------- Generated Code --------------------
	-- This code was generated by Cobalt
-- https://gitlab.com/upio/cobalt

local Event = game:GetService("ReplicatedStorage").Events.ServerChatMessage
firesignal(Event.OnClientEvent, 
    "cgf6778 Used a Revive!",
    Color3.new(1, 0.66666668653488, 1)
)
2026-09-19T05:28:160.089Z,173.264779,Incoming:Stab,INFO Instance: Stab (RemoteEvent)
	Path: game:GetService("ReplicatedStorage").Events.Stab
	Status: Allowed
	Call Order In Log: 40
	-------------------- Event Data --------------------
	{
    CallOrderInLog = 40,
    DataFromHook = {
        Function = function(arg1)
            --[[Name: Anonymous Function | Line: 329
            Upvalues: 2
            Function Hash: 3861402f0c018b0365dd8032d742c5e0bf789fa2b256b2f45db79b98ff1f1fb672699ac2fb8f403b80556d8eb7312ba1
            LuaEncode: Unable to serialize function]]
            return
        end,
        Arguments = {
            workspace.voughn128.Knife.Hold,
            n = 1
        },
        Origin = game:GetService("Players").LocalPlayer.PlayerScripts.KnifeReplication,
        IsExecutor = false,
        CreationTime = 1789824496.0079
    },
    EventType = "Incoming",
    RemoteInstanceInfo = {
        Path = "game:GetService(\"ReplicatedStorage\").Events.Stab",
        Name = "Stab",
        ClassName = "RemoteEvent"
    }
}
	-------------------- Generated Code --------------------
	-- This code was generated by Cobalt
-- https://gitlab.com/upio/cobalt

local Event = game:GetService("ReplicatedStorage").Events.Stab
firesignal(Event.OnClientEvent, 
    workspace.voughn128.Knife.Hold
)
2026-09-19T05:28:160.697Z,173.872399,Incoming:Stab,INFO Instance: Stab (RemoteEvent)
	Path: game:GetService("ReplicatedStorage").Events.Stab
	Status: Allowed
	Call Order In Log: 41
	-------------------- Event Data --------------------
	{
    CallOrderInLog = 41,
    DataFromHook = {
        Function = function(arg1)
            --[[Name: Anonymous Function | Line: 329
            Upvalues: 2
            Function Hash: 3861402f0c018b0365dd8032d742c5e0bf789fa2b256b2f45db79b98ff1f1fb672699ac2fb8f403b80556d8eb7312ba1
            LuaEncode: Unable to serialize function]]
            return
        end,
        Arguments = {
            workspace.voughn128.Knife.Hold,
            n = 1
        },
        Origin = game:GetService("Players").LocalPlayer.PlayerScripts.KnifeReplication,
        IsExecutor = false,
        CreationTime = 1789824496.5916
    },
    EventType = "Incoming",
    RemoteInstanceInfo = {
        Path = "game:GetService(\"ReplicatedStorage\").Events.Stab",
        Name = "Stab",
        ClassName = "RemoteEvent"
    }
}
	-------------------- Generated Code --------------------
	-- This code was generated by Cobalt
-- https://gitlab.com/upio/cobalt

local Event = game:GetService("ReplicatedStorage").Events.Stab
firesignal(Event.OnClientEvent, 
    workspace.voughn128.Knife.Hold
)
2026-09-19T05:28:180.438Z,175.612891,Incoming:Stab,INFO Instance: Stab (RemoteEvent)
	Path: game:GetService("ReplicatedStorage").Events.Stab
	Status: Allowed
	Call Order In Log: 42
	-------------------- Event Data --------------------
	{
    CallOrderInLog = 42,
    DataFromHook = {
        Function = function(arg1)
            --[[Name: Anonymous Function | Line: 329
            Upvalues: 2
            Function Hash: 3861402f0c018b0365dd8032d742c5e0bf789fa2b256b2f45db79b98ff1f1fb672699ac2fb8f403b80556d8eb7312ba1
            LuaEncode: Unable to serialize function]]
            return
        end,
        Arguments = {
            workspace.voughn128.Knife.Hold,
            n = 1
        },
        Origin = game:GetService("Players").LocalPlayer.PlayerScripts.KnifeReplication,
        IsExecutor = false,
        CreationTime = 1789824498.3468
    },
    EventType = "Incoming",
    RemoteInstanceInfo = {
        Path = "game:GetService(\"ReplicatedStorage\").Events.Stab",
        Name = "Stab",
        ClassName = "RemoteEvent"
    }
}
	-------------------- Generated Code --------------------
	-- This code was generated by Cobalt
-- https://gitlab.com/upio/cobalt

local Event = game:GetService("ReplicatedStorage").Events.Stab
firesignal(Event.OnClientEvent, 
    workspace.voughn128.Knife.Hold
)
2026-09-19T05:28:180.593Z,175.768236,Incoming:KnifeHit,INFO Instance: KnifeHit (RemoteEvent)
	Path: game:GetService("ReplicatedStorage").Events.KnifeHit
	Status: Allowed
	Call Order In Log: 7
	-------------------- Event Data --------------------
	{
    CallOrderInLog = 7,
    DataFromHook = {
        Function = function(arg1, arg2)
            --[[Name: Anonymous Function | Line: 324
            Upvalues: 1
            Function Hash: 94f43b81f8008cf6fbbb9c34189f2bd258738e803e4a551198173fef7e349aff352862380b1f1cff43f23b849c3ead97
            LuaEncode: Unable to serialize function]]
            return
        end,
        Arguments = {
            workspace.alswns212.HumanoidRootPart,
            "Toasty Marshmallow",
            n = 2
        },
        Origin = game:GetService("Players").LocalPlayer.PlayerScripts.KnifeReplication,
        IsExecutor = false,
        CreationTime = 1789824498.4865
    },
    EventType = "Incoming",
    RemoteInstanceInfo = {
        Path = "game:GetService(\"ReplicatedStorage\").Events.KnifeHit",
        Name = "KnifeHit",
        ClassName = "RemoteEvent"
    }
}
	-------------------- Generated Code --------------------
	-- This code was generated by Cobalt
-- https://gitlab.com/upio/cobalt

local Event = game:GetService("ReplicatedStorage").Events.KnifeHit
firesignal(Event.OnClientEvent, 
    workspace.alswns212.HumanoidRootPart,
    "Toasty Marshmallow"
)
2026-09-19T05:28:190.821Z,175.996438,Incoming:Stab,INFO Instance: Stab (RemoteEvent)
	Path: game:GetService("ReplicatedStorage").Events.Stab
	Status: Allowed
	Call Order In Log: 43
	-------------------- Event Data --------------------
	{
    CallOrderInLog = 43,
    DataFromHook = {
        Function = function(arg1)
            --[[Name: Anonymous Function | Line: 329
            Upvalues: 2
            Function Hash: 3861402f0c018b0365dd8032d742c5e0bf789fa2b256b2f45db79b98ff1f1fb672699ac2fb8f403b80556d8eb7312ba1
            LuaEncode: Unable to serialize function]]
            return
        end,
        Arguments = {
            workspace.voughn128.Knife.Hold,
            n = 1
        },
        Origin = game:GetService("Players").LocalPlayer.PlayerScripts.KnifeReplication,
        IsExecutor = false,
        CreationTime = 1789824498.7189
    },
    EventType = "Incoming",
    RemoteInstanceInfo = {
        Path = "game:GetService(\"ReplicatedStorage\").Events.Stab",
        Name = "Stab",
        ClassName = "RemoteEvent"
    }
}
	-------------------- Generated Code --------------------
	-- This code was generated by Cobalt
-- https://gitlab.com/upio/cobalt

local Event = game:GetService("ReplicatedStorage").Events.Stab
firesignal(Event.OnClientEvent, 
    workspace.voughn128.Knife.Hold
)
2026-09-19T05:28:190.448Z,176.623772,Outgoing:GemAttack,INFO Instance: GemAttack (RemoteEvent)
	Path: game:GetService("ReplicatedStorage").Events.GemAttack
	Status: Allowed
	Call Order In Log: 1
	-------------------- Event Data --------------------
	{
    CallOrderInLog = 1,
    DataFromHook = {
        Function = function(...)
            --[[Name: Anonymous Function | Line: 2503
            Upvalues: 4
            Function Hash: ad942bf8d55a82ff8f15f2e471b080ff6753434912388b72245ed008117bf4d3d343f1deedd8ab849280937695e318a8
            LuaEncode: Unable to serialize function]]
            return
        end,
        Arguments = {
            workspace.GemHolder["Gem1789795656.414014"],
            n = 1
        },
        Source = "pDPUWiqqAZcWQxlHSAgfVhOre",
        Origin = game:GetService("Players").LocalPlayer.Character.AttackScript,
        IsExecutor = false,
        CreationTime = 1789824499.3387,
        Line = 2515
    },
    EventType = "Outgoing",
    RemoteInstanceInfo = {
        Path = "game:GetService(\"ReplicatedStorage\").Events.GemAttack",
        Name = "GemAttack",
        ClassName = "RemoteEvent"
    }
}
	-------------------- Generated Code --------------------
	-- This code was generated by Cobalt
-- https://gitlab.com/upio/cobalt

local Event = game:GetService("ReplicatedStorage").Events.GemAttack
Event:FireServer(
    workspace.GemHolder["Gem1789795656.414014"]
)
2026-09-19T05:28:190.744Z,176.919445,Incoming:QuestRemote,INFO Instance: QuestRemote (RemoteEvent)
	Path: game:GetService("ReplicatedStorage").QuestRemote
	Status: Allowed
	Call Order In Log: 3
	-------------------- Event Data --------------------
	{
    CallOrderInLog = 3,
    DataFromHook = {
        Function = function(arg1, arg2, arg3, arg4)
            --[[Name: Anonymous Function | Line: 103
            Upvalues: 3
            Function Hash: 853b1c5d2d13a43bd1dd2f80dad700a08c3323c55b3ed552400ca3d2869662af79958ea28c02403904cfcf12cfe69092
            LuaEncode: Unable to serialize function]]
            return
        end,
        Arguments = {
            {
                NeededProgress = 20,
                Description = "Mine %s/20 Gems!"
            },
            "Mine 20 Gems",
            6,
            "Update",
            n = 4
        },
        Origin = game:GetService("Players").LocalPlayer.PlayerScripts.QuestHandler,
        IsExecutor = false,
        CreationTime = 1789824499.6392
    },
    EventType = "Incoming",
    RemoteInstanceInfo = {
        Path = "game:GetService(\"ReplicatedStorage\").QuestRemote",
        Name = "QuestRemote",
        ClassName = "RemoteEvent"
    }
}
	-------------------- Generated Code --------------------
	-- This code was generated by Cobalt
-- https://gitlab.com/upio/cobalt

local Event = game:GetService("ReplicatedStorage").QuestRemote
firesignal(Event.OnClientEvent, 
    {
        NeededProgress = 20,
        Description = "Mine %s/20 Gems!"
    },
    "Mine 20 Gems",
    6,
    "Update"
)
2026-09-19T05:28:200.820Z,176.995090,Incoming:WeeklyQuest,INFO Instance: WeeklyQuest (RemoteEvent)
	Path: game:GetService("ReplicatedStorage").Events.WeeklyQuest
	Status: Allowed
	Call Order In Log: 2
	-------------------- Event Data --------------------
	{
    CallOrderInLog = 2,
    DataFromHook = {
        Function = function(arg1, arg2, arg3, arg4)
            --[[Name: Anonymous Function | Line: 196
            Upvalues: 4
            Function Hash: e921ec44b26b074336f21afd32f264b7f72ddb79e4ff145e27a14cb6dd116d0451ebc387f1e511701b0b8fc0e9055113
            LuaEncode: Unable to serialize function]]
            return
        end,
        Arguments = {
            {
                NeededProgress = 150,
                Description = "Mine %s/150 Gems!"
            },
            "Mine 150 Gems",
            7,
            "Update",
            n = 4
        },
        Origin = game:GetService("Players").LocalPlayer.PlayerScripts.QuestHandler,
        IsExecutor = false,
        CreationTime = 1789824499.64
    },
    EventType = "Incoming",
    RemoteInstanceInfo = {
        Path = "game:GetService(\"ReplicatedStorage\").Events.WeeklyQuest",
        Name = "WeeklyQuest",
        ClassName = "RemoteEvent"
    }
}
	-------------------- Generated Code --------------------
	-- This code was generated by Cobalt
-- https://gitlab.com/upio/cobalt

local Event = game:GetService("ReplicatedStorage").Events.WeeklyQuest
firesignal(Event.OnClientEvent, 
    {
        NeededProgress = 150,
        Description = "Mine %s/150 Gems!"
    },
    "Mine 150 Gems",
    7,
    "Update"
)
2026-09-19T05:28:200.889Z,177.064322,Incoming:CoinsVFX,INFO Instance: CoinsVFX (RemoteEvent)
	Path: game:GetService("ReplicatedStorage").Events.CoinsVFX
	Status: Allowed
	Call Order In Log: 5
	-------------------- Event Data --------------------
	{
    CallOrderInLog = 5,
    DataFromHook = {
        Function = function(arg1, arg2, arg3, arg4)
            --[[Name: handle_coins_remote | Line: 165
            Upvalues: 3
            Function Hash: 659278b0711715b38d0d49ce4becee2a4a99edd641d0978c45cf4b3faa3f4262c0ae3801725d8f2842160440ca6e3326
            LuaEncode: Unable to serialize function]]
            return
        end,
        Arguments = {
            Vector3.new(1076.9978027344, 11.245533943176, 208.92872619629),
            3,
            3,
            "Gems",
            n = 4
        },
        Origin = game:GetService("Players").LocalPlayer.PlayerScripts.CoinsDropHandler,
        IsExecutor = false,
        CreationTime = 1789824499.6406
    },
    EventType = "Incoming",
    RemoteInstanceInfo = {
        Path = "game:GetService(\"ReplicatedStorage\").Events.CoinsVFX",
        Name = "CoinsVFX",
        ClassName = "RemoteEvent"
    }
}
	-------------------- Generated Code --------------------
	-- This code was generated by Cobalt
-- https://gitlab.com/upio/cobalt

local Event = game:GetService("ReplicatedStorage").Events.CoinsVFX
firesignal(Event.OnClientEvent, 
    Vector3.new(1076.9978027344, 11.245533943176, 208.92872619629),
    3,
    3,
    "Gems"
)
2026-09-19T05:28:200.963Z,177.138073,Incoming:Stab,INFO Instance: Stab (RemoteEvent)
	Path: game:GetService("ReplicatedStorage").Events.Stab
	Status: Allowed
	Call Order In Log: 44
	-------------------- Event Data --------------------
	{
    CallOrderInLog = 44,
    DataFromHook = {
        Function = function(arg1)
            --[[Name: Anonymous Function | Line: 329
            Upvalues: 2
            Function Hash: 3861402f0c018b0365dd8032d742c5e0bf789fa2b256b2f45db79b98ff1f1fb672699ac2fb8f403b80556d8eb7312ba1
            LuaEncode: Unable to serialize function]]
            return
        end,
        Arguments = {
            workspace.voughn128.Knife.Hold,
            n = 1
        },
        Origin = game:GetService("Players").LocalPlayer.PlayerScripts.KnifeReplication,
        IsExecutor = false,
        CreationTime = 1789824499.6464
    },
    EventType = "Incoming",
    RemoteInstanceInfo = {
        Path = "game:GetService(\"ReplicatedStorage\").Events.Stab",
        Name = "Stab",
        ClassName = "RemoteEvent"
    }
}
	-------------------- Generated Code --------------------
	-- This code was generated by Cobalt
-- https://gitlab.com/upio/cobalt

local Event = game:GetService("ReplicatedStorage").Events.Stab
firesignal(Event.OnClientEvent, 
    workspace.voughn128.Knife.Hold
)
2026-09-19T05:28:210.513Z,178.688400,Outgoing:GemAttack,INFO Instance: GemAttack (RemoteEvent)
	Path: game:GetService("ReplicatedStorage").Events.GemAttack
	Status: Allowed
	Call Order In Log: 2
	-------------------- Event Data --------------------
	{
    CallOrderInLog = 2,
    DataFromHook = {
        Function = function(...)
            --[[Name: Anonymous Function | Line: 2503
            Upvalues: 4
            Function Hash: ad942bf8d55a82ff8f15f2e471b080ff6753434912388b72245ed008117bf4d3d343f1deedd8ab849280937695e318a8
            LuaEncode: Unable to serialize function]]
            return
        end,
        Arguments = {
            workspace.GemHolder["Gem1789795656.414014"],
            n = 1
        },
        Source = "pDPUWiqqAZcWQxlHSAgfVhOre",
        Origin = game:GetService("Players").LocalPlayer.Character.AttackScript,
        IsExecutor = false,
        CreationTime = 1789824501.3164,
        Line = 2515
    },
    EventType = "Outgoing",
    RemoteInstanceInfo = {
        Path = "game:GetService(\"ReplicatedStorage\").Events.GemAttack",
        Name = "GemAttack",
        ClassName = "RemoteEvent"
    }
}
	-------------------- Generated Code --------------------
	-- This code was generated by Cobalt
-- https://gitlab.com/upio/cobalt

local Event = game:GetService("ReplicatedStorage").Events.GemAttack
Event:FireServer(
    workspace.GemHolder["Gem1789795656.414014"]
)
2026-09-19T05:28:210.642Z,178.816888,Incoming:Stab,INFO Instance: Stab (RemoteEvent)
	Path: game:GetService("ReplicatedStorage").Events.Stab
	Status: Allowed
	Call Order In Log: 45
	-------------------- Event Data --------------------
	{
    CallOrderInLog = 45,
    DataFromHook = {
        Function = function(arg1)
            --[[Name: Anonymous Function | Line: 329
            Upvalues: 2
            Function Hash: 3861402f0c018b0365dd8032d742c5e0bf789fa2b256b2f45db79b98ff1f1fb672699ac2fb8f403b80556d8eb7312ba1
            LuaEncode: Unable to serialize function]]
            return
        end,
        Arguments = {
            workspace.voughn128.Knife.Hold,
            n = 1
        },
        Origin = game:GetService("Players").LocalPlayer.PlayerScripts.KnifeReplication,
        IsExecutor = false,
        CreationTime = 1789824501.4682
    },
    EventType = "Incoming",
    RemoteInstanceInfo = {
        Path = "game:GetService(\"ReplicatedStorage\").Events.Stab",
        Name = "Stab",
        ClassName = "RemoteEvent"
    }
}
	-------------------- Generated Code --------------------
	-- This code was generated by Cobalt
-- https://gitlab.com/upio/cobalt

local Event = game:GetService("ReplicatedStorage").Events.Stab
firesignal(Event.OnClientEvent, 
    workspace.voughn128.Knife.Hold
)
2026-09-19T05:28:220.896Z,179.071546,Incoming:CoinsVFX,INFO Instance: CoinsVFX (RemoteEvent)
	Path: game:GetService("ReplicatedStorage").Events.CoinsVFX
	Status: Allowed
	Call Order In Log: 6
	-------------------- Event Data --------------------
	{
    CallOrderInLog = 6,
    DataFromHook = {
        Function = function(arg1, arg2, arg3, arg4)
            --[[Name: handle_coins_remote | Line: 165
            Upvalues: 3
            Function Hash: 659278b0711715b38d0d49ce4becee2a4a99edd641d0978c45cf4b3faa3f4262c0ae3801725d8f2842160440ca6e3326
            LuaEncode: Unable to serialize function]]
            return
        end,
        Arguments = {
            Vector3.new(1076.9978027344, 11.245533943176, 208.92872619629),
            3,
            3,
            "Gems",
            n = 4
        },
        Origin = game:GetService("Players").LocalPlayer.PlayerScripts.CoinsDropHandler,
        IsExecutor = false,
        CreationTime = 1789824501.7218
    },
    EventType = "Incoming",
    RemoteInstanceInfo = {
        Path = "game:GetService(\"ReplicatedStorage\").Events.CoinsVFX",
        Name = "CoinsVFX",
        ClassName = "RemoteEvent"
    }
}
	-------------------- Generated Code --------------------
	-- This code was generated by Cobalt
-- https://gitlab.com/upio/cobalt

local Event = game:GetService("ReplicatedStorage").Events.CoinsVFX
firesignal(Event.OnClientEvent, 
    Vector3.new(1076.9978027344, 11.245533943176, 208.92872619629),
    3,
    3,
    "Gems"
)
2026-09-19T05:28:230.453Z,180.628482,Incoming:Stab,INFO Instance: Stab (RemoteEvent)
	Path: game:GetService("ReplicatedStorage").Events.Stab
	Status: Allowed
	Call Order In Log: 46
	-------------------- Event Data --------------------
	{
    CallOrderInLog = 46,
    DataFromHook = {
        Function = function(arg1)
            --[[Name: Anonymous Function | Line: 329
            Upvalues: 2
            Function Hash: 3861402f0c018b0365dd8032d742c5e0bf789fa2b256b2f45db79b98ff1f1fb672699ac2fb8f403b80556d8eb7312ba1
            LuaEncode: Unable to serialize function]]
            return
        end,
        Arguments = {
            workspace.voughn128.Knife.Hold,
            n = 1
        },
        Origin = game:GetService("Players").LocalPlayer.PlayerScripts.KnifeReplication,
        IsExecutor = false,
        CreationTime = 1789824503.379
    },
    EventType = "Incoming",
    RemoteInstanceInfo = {
        Path = "game:GetService(\"ReplicatedStorage\").Events.Stab",
        Name = "Stab",
        ClassName = "RemoteEvent"
    }
}
	-------------------- Generated Code --------------------
	-- This code was generated by Cobalt
-- https://gitlab.com/upio/cobalt

local Event = game:GetService("ReplicatedStorage").Events.Stab
firesignal(Event.OnClientEvent, 
    workspace.voughn128.Knife.Hold
)
2026-09-19T05:28:230.515Z,180.690190,Outgoing:GemAttack,INFO Instance: GemAttack (RemoteEvent)
	Path: game:GetService("ReplicatedStorage").Events.GemAttack
	Status: Allowed
	Call Order In Log: 3
	-------------------- Event Data --------------------
	{
    CallOrderInLog = 3,
    DataFromHook = {
        Function = function(...)
            --[[Name: Anonymous Function | Line: 2503
            Upvalues: 4
            Function Hash: ad942bf8d55a82ff8f15f2e471b080ff6753434912388b72245ed008117bf4d3d343f1deedd8ab849280937695e318a8
            LuaEncode: Unable to serialize function]]
            return
        end,
        Arguments = {
            workspace.GemHolder["Gem1789795656.414014"],
            n = 1
        },
        Source = "pDPUWiqqAZcWQxlHSAgfVhOre",
        Origin = game:GetService("Players").LocalPlayer.Character.AttackScript,
        IsExecutor = false,
        CreationTime = 1789824503.4319,
        Line = 2515
    },
    EventType = "Outgoing",
    RemoteInstanceInfo = {
        Path = "game:GetService(\"ReplicatedStorage\").Events.GemAttack",
        Name = "GemAttack",
        ClassName = "RemoteEvent"
    }
}
	-------------------- Generated Code --------------------
	-- This code was generated by Cobalt
-- https://gitlab.com/upio/cobalt

local Event = game:GetService("ReplicatedStorage").Events.GemAttack
Event:FireServer(
    workspace.GemHolder["Gem1789795656.414014"]
)
2026-09-19T05:28:230.730Z,180.905071,Incoming:CoinsVFX,INFO Instance: CoinsVFX (RemoteEvent)
	Path: game:GetService("ReplicatedStorage").Events.CoinsVFX
	Status: Allowed
	Call Order In Log: 7
	-------------------- Event Data --------------------
	{
    CallOrderInLog = 7,
    DataFromHook = {
        Function = function(arg1, arg2, arg3, arg4)
            --[[Name: handle_coins_remote | Line: 165
            Upvalues: 3
            Function Hash: 659278b0711715b38d0d49ce4becee2a4a99edd641d0978c45cf4b3faa3f4262c0ae3801725d8f2842160440ca6e3326
            LuaEncode: Unable to serialize function]]
            return
        end,
        Arguments = {
            Vector3.new(1076.9978027344, 11.245533943176, 208.92872619629),
            3,
            3,
            "Gems",
            n = 4
        },
        Origin = game:GetService("Players").LocalPlayer.PlayerScripts.CoinsDropHandler,
        IsExecutor = false,
        CreationTime = 1789824503.6216
    },
    EventType = "Incoming",
    RemoteInstanceInfo = {
        Path = "game:GetService(\"ReplicatedStorage\").Events.CoinsVFX",
        Name = "CoinsVFX",
        ClassName = "RemoteEvent"
    }
}
	-------------------- Generated Code --------------------
	-- This code was generated by Cobalt
-- https://gitlab.com/upio/cobalt

local Event = game:GetService("ReplicatedStorage").Events.CoinsVFX
firesignal(Event.OnClientEvent, 
    Vector3.new(1076.9978027344, 11.245533943176, 208.92872619629),
    3,
    3,
    "Gems"
)
2026-09-19T05:28:250.600Z,182.775079,Outgoing:GemAttack,INFO Instance: GemAttack (RemoteEvent)
	Path: game:GetService("ReplicatedStorage").Events.GemAttack
	Status: Allowed
	Call Order In Log: 4
	-------------------- Event Data --------------------
	{
    CallOrderInLog = 4,
    DataFromHook = {
        Function = function(...)
            --[[Name: Anonymous Function | Line: 2503
            Upvalues: 4
            Function Hash: ad942bf8d55a82ff8f15f2e471b080ff6753434912388b72245ed008117bf4d3d343f1deedd8ab849280937695e318a8
            LuaEncode: Unable to serialize function]]
            return
        end,
        Arguments = {
            workspace.GemHolder["Gem1789795656.414014"],
            n = 1
        },
        Source = "pDPUWiqqAZcWQxlHSAgfVhOre",
        Origin = game:GetService("Players").LocalPlayer.Character.AttackScript,
        IsExecutor = false,
        CreationTime = 1789824505.5138,
        Line = 2515
    },
    EventType = "Outgoing",
    RemoteInstanceInfo = {
        Path = "game:GetService(\"ReplicatedStorage\").Events.GemAttack",
        Name = "GemAttack",
        ClassName = "RemoteEvent"
    }
}
	-------------------- Generated Code --------------------
	-- This code was generated by Cobalt
-- https://gitlab.com/upio/cobalt

local Event = game:GetService("ReplicatedStorage").Events.GemAttack
Event:FireServer(
    workspace.GemHolder["Gem1789795656.414014"]
)
2026-09-19T05:28:260.877Z,183.052341,Incoming:CoinsVFX,INFO Instance: CoinsVFX (RemoteEvent)
	Path: game:GetService("ReplicatedStorage").Events.CoinsVFX
	Status: Allowed
	Call Order In Log: 8
	-------------------- Event Data --------------------
	{
    CallOrderInLog = 8,
    DataFromHook = {
        Function = function(arg1, arg2, arg3, arg4)
            --[[Name: handle_coins_remote | Line: 165
            Upvalues: 3
            Function Hash: 659278b0711715b38d0d49ce4becee2a4a99edd641d0978c45cf4b3faa3f4262c0ae3801725d8f2842160440ca6e3326
            LuaEncode: Unable to serialize function]]
            return
        end,
        Arguments = {
            Vector3.new(1076.9978027344, 11.245533943176, 208.92872619629),
            3,
            3,
            "Gems",
            n = 4
        },
        Origin = game:GetService("Players").LocalPlayer.PlayerScripts.CoinsDropHandler,
        IsExecutor = false,
        CreationTime = 1789824505.7635
    },
    EventType = "Incoming",
    RemoteInstanceInfo = {
        Path = "game:GetService(\"ReplicatedStorage\").Events.CoinsVFX",
        Name = "CoinsVFX",
        ClassName = "RemoteEvent"
    }
}
	-------------------- Generated Code --------------------
	-- This code was generated by Cobalt
-- https://gitlab.com/upio/cobalt

local Event = game:GetService("ReplicatedStorage").Events.CoinsVFX
firesignal(Event.OnClientEvent, 
    Vector3.new(1076.9978027344, 11.245533943176, 208.92872619629),
    3,
    3,
    "Gems"
)
2026-09-19T05:28:270.630Z,184.805518,Outgoing:GemAttack,INFO Instance: GemAttack (RemoteEvent)
	Path: game:GetService("ReplicatedStorage").Events.GemAttack
	Status: Allowed
	Call Order In Log: 5
	-------------------- Event Data --------------------
	{
    CallOrderInLog = 5,
    DataFromHook = {
        Function = function(...)
            --[[Name: Anonymous Function | Line: 2503
            Upvalues: 4
            Function Hash: ad942bf8d55a82ff8f15f2e471b080ff6753434912388b72245ed008117bf4d3d343f1deedd8ab849280937695e318a8
            LuaEncode: Unable to serialize function]]
            return
        end,
        Arguments = {
            workspace.GemHolder["Gem1789795656.414014"],
            n = 1
        },
        Source = "pDPUWiqqAZcWQxlHSAgfVhOre",
        Origin = game:GetService("Players").LocalPlayer.Character.AttackScript,
        IsExecutor = false,
        CreationTime = 1789824507.5257,
        Line = 2515
    },
    EventType = "Outgoing",
    RemoteInstanceInfo = {
        Path = "game:GetService(\"ReplicatedStorage\").Events.GemAttack",
        Name = "GemAttack",
        ClassName = "RemoteEvent"
    }
}
	-------------------- Generated Code --------------------
	-- This code was generated by Cobalt
-- https://gitlab.com/upio/cobalt

local Event = game:GetService("ReplicatedStorage").Events.GemAttack
Event:FireServer(
    workspace.GemHolder["Gem1789795656.414014"]
)
2026-09-19T05:28:280.927Z,185.101871,Incoming:CoinsVFX,INFO Instance: CoinsVFX (RemoteEvent)
	Path: game:GetService("ReplicatedStorage").Events.CoinsVFX
	Status: Allowed
	Call Order In Log: 9
	-------------------- Event Data --------------------
	{
    CallOrderInLog = 9,
    DataFromHook = {
        Function = function(arg1, arg2, arg3, arg4)
            --[[Name: handle_coins_remote | Line: 165
            Upvalues: 3
            Function Hash: 659278b0711715b38d0d49ce4becee2a4a99edd641d0978c45cf4b3faa3f4262c0ae3801725d8f2842160440ca6e3326
            LuaEncode: Unable to serialize function]]
            return
        end,
        Arguments = {
            Vector3.new(1076.9978027344, 11.245533943176, 208.92872619629),
            10,
            10,
            "Gems",
            n = 4
        },
        Origin = game:GetService("Players").LocalPlayer.PlayerScripts.CoinsDropHandler,
        IsExecutor = false,
        CreationTime = 1789824507.8047
    },
    EventType = "Incoming",
    RemoteInstanceInfo = {
        Path = "game:GetService(\"ReplicatedStorage\").Events.CoinsVFX",
        Name = "CoinsVFX",
        ClassName = "RemoteEvent"
    }
}
	-------------------- Generated Code --------------------
	-- This code was generated by Cobalt
-- https://gitlab.com/upio/cobalt

local Event = game:GetService("ReplicatedStorage").Events.CoinsVFX
firesignal(Event.OnClientEvent, 
    Vector3.new(1076.9978027344, 11.245533943176, 208.92872619629),
    10,
    10,
    "Gems"
)
2026-09-19T05:28:300.227Z,187.402164,Incoming:QuestRemote,INFO Instance: QuestRemote (RemoteEvent)
	Path: game:GetService("ReplicatedStorage").QuestRemote
	Status: Allowed
	Call Order In Log: 4
	-------------------- Event Data --------------------
	{
    CallOrderInLog = 4,
    DataFromHook = {
        Function = function(arg1, arg2, arg3, arg4)
            --[[Name: Anonymous Function | Line: 103
            Upvalues: 3
            Function Hash: 853b1c5d2d13a43bd1dd2f80dad700a08c3323c55b3ed552400ca3d2869662af79958ea28c02403904cfcf12cfe69092
            LuaEncode: Unable to serialize function]]
            return
        end,
        Arguments = {
            {
                NeededProgress = 200,
                Description = "Collect %s/200 Coins!"
            },
            "Collect 200 Coins",
            36,
            "Update",
            n = 4
        },
        Origin = game:GetService("Players").LocalPlayer.PlayerScripts.QuestHandler,
        IsExecutor = false,
        CreationTime = 1789824510.1047
    },
    EventType = "Incoming",
    RemoteInstanceInfo = {
        Path = "game:GetService(\"ReplicatedStorage\").QuestRemote",
        Name = "QuestRemote",
        ClassName = "RemoteEvent"
    }
}
	-------------------- Generated Code --------------------
	-- This code was generated by Cobalt
-- https://gitlab.com/upio/cobalt

local Event = game:GetService("ReplicatedStorage").QuestRemote
firesignal(Event.OnClientEvent, 
    {
        NeededProgress = 200,
        Description = "Collect %s/200 Coins!"
    },
    "Collect 200 Coins",
    36,
    "Update"
)
2026-09-19T05:28:300.296Z,187.471839,Incoming:CoinsVFX,INFO Instance: CoinsVFX (RemoteEvent)
	Path: game:GetService("ReplicatedStorage").Events.CoinsVFX
	Status: Allowed
	Call Order In Log: 10
	-------------------- Event Data --------------------
	{
    CallOrderInLog = 10,
    DataFromHook = {
        Function = function(arg1, arg2, arg3, arg4)
            --[[Name: handle_coins_remote | Line: 165
            Upvalues: 3
            Function Hash: 659278b0711715b38d0d49ce4becee2a4a99edd641d0978c45cf4b3faa3f4262c0ae3801725d8f2842160440ca6e3326
            LuaEncode: Unable to serialize function]]
            return
        end,
        Arguments = {
            Vector3.new(1066.9978027344, 11.245533943176, 211.92872619629),
            10,
            10,
            "Coins",
            n = 4
        },
        Origin = game:GetService("Players").LocalPlayer.PlayerScripts.CoinsDropHandler,
        IsExecutor = false,
        CreationTime = 1789824510.1056
    },
    EventType = "Incoming",
    RemoteInstanceInfo = {
        Path = "game:GetService(\"ReplicatedStorage\").Events.CoinsVFX",
        Name = "CoinsVFX",
        ClassName = "RemoteEvent"
    }
}
	-------------------- Generated Code --------------------
	-- This code was generated by Cobalt
-- https://gitlab.com/upio/cobalt

local Event = game:GetService("ReplicatedStorage").Events.CoinsVFX
firesignal(Event.OnClientEvent, 
    Vector3.new(1066.9978027344, 11.245533943176, 211.92872619629),
    10,
    10,
    "Coins"
)
2026-09-19T05:28:310.803Z,188.978684,Incoming:EventQuest,INFO Instance: EventQuest (RemoteEvent)
	Path: game:GetService("ReplicatedStorage").Events.EventQuest
	Status: Allowed
	Call Order In Log: 2
	-------------------- Event Data --------------------
	{
    CallOrderInLog = 2,
    DataFromHook = {
        Function = function(arg1, arg2, arg3, arg4)
            --[[Name: Anonymous Function | Line: 400
            Upvalues: 4
            Function Hash: 0fac24ce6d4f7c26a6cec69393042a72754d8564cf1ef86c4012a6903f650e29ddb126f76596d670d9fe0938679d6745
            LuaEncode: Unable to serialize function]]
            return
        end,
        Arguments = {
            {
                NeededProgress = 100,
                Description = "Collect %s/100 BeachBalls!"
            },
            "Collect 100 BeachBalls",
            11,
            "Update",
            n = 4
        },
        Origin = game:GetService("Players").LocalPlayer.PlayerScripts.QuestHandler,
        IsExecutor = false,
        CreationTime = 1789824511.7089
    },
    EventType = "Incoming",
    RemoteInstanceInfo = {
        Path = "game:GetService(\"ReplicatedStorage\").Events.EventQuest",
        Name = "EventQuest",
        ClassName = "RemoteEvent"
    }
}
	-------------------- Generated Code --------------------
	-- This code was generated by Cobalt
-- https://gitlab.com/upio/cobalt

local Event = game:GetService("ReplicatedStorage").Events.EventQuest
firesignal(Event.OnClientEvent, 
    {
        NeededProgress = 100,
        Description = "Collect %s/100 BeachBalls!"
    },
    "Collect 100 BeachBalls",
    11,
    "Update"
)
2026-09-19T05:28:320.870Z,189.045429,Incoming:CoinsVFX,INFO Instance: CoinsVFX (RemoteEvent)
	Path: game:GetService("ReplicatedStorage").Events.CoinsVFX
	Status: Allowed
	Call Order In Log: 11
	-------------------- Event Data --------------------
	{
    CallOrderInLog = 11,
    DataFromHook = {
        Function = function(arg1, arg2, arg3, arg4)
            --[[Name: handle_coins_remote | Line: 165
            Upvalues: 3
            Function Hash: 659278b0711715b38d0d49ce4becee2a4a99edd641d0978c45cf4b3faa3f4262c0ae3801725d8f2842160440ca6e3326
            LuaEncode: Unable to serialize function]]
            return
        end,
        Arguments = {
            Vector3.new(1060.9978027344, 11.245533943176, 194.92872619629),
            5,
            5,
            "BeachBalls",
            n = 4
        },
        Origin = game:GetService("Players").LocalPlayer.PlayerScripts.CoinsDropHandler,
        IsExecutor = false,
        CreationTime = 1789824511.7094
    },
    EventType = "Incoming",
    RemoteInstanceInfo = {
        Path = "game:GetService(\"ReplicatedStorage\").Events.CoinsVFX",
        Name = "CoinsVFX",
        ClassName = "RemoteEvent"
    }
}
	-------------------- Generated Code --------------------
	-- This code was generated by Cobalt
-- https://gitlab.com/upio/cobalt

local Event = game:GetService("ReplicatedStorage").Events.CoinsVFX
firesignal(Event.OnClientEvent, 
    Vector3.new(1060.9978027344, 11.245533943176, 194.92872619629),
    5,
    5,
    "BeachBalls"
)
2026-09-19T05:28:410.717Z,198.892734,Incoming:EventQuest,INFO Instance: EventQuest (RemoteEvent)
	Path: game:GetService("ReplicatedStorage").Events.EventQuest
	Status: Allowed
	Call Order In Log: 3
	-------------------- Event Data --------------------
	{
    CallOrderInLog = 3,
    DataFromHook = {
        Function = function(arg1, arg2, arg3, arg4)
            --[[Name: Anonymous Function | Line: 400
            Upvalues: 4
            Function Hash: 0fac24ce6d4f7c26a6cec69393042a72754d8564cf1ef86c4012a6903f650e29ddb126f76596d670d9fe0938679d6745
            LuaEncode: Unable to serialize function]]
            return
        end,
        Arguments = {
            {
                NeededProgress = 100,
                Description = "Collect %s/100 BeachBalls!"
            },
            "Collect 100 BeachBalls",
            12,
            "Update",
            n = 4
        },
        Origin = game:GetService("Players").LocalPlayer.PlayerScripts.QuestHandler,
        IsExecutor = false,
        CreationTime = 1789824521.5749
    },
    EventType = "Incoming",
    RemoteInstanceInfo = {
        Path = "game:GetService(\"ReplicatedStorage\").Events.EventQuest",
        Name = "EventQuest",
        ClassName = "RemoteEvent"
    }
}
	-------------------- Generated Code --------------------
	-- This code was generated by Cobalt
-- https://gitlab.com/upio/cobalt

local Event = game:GetService("ReplicatedStorage").Events.EventQuest
firesignal(Event.OnClientEvent, 
    {
        NeededProgress = 100,
        Description = "Collect %s/100 BeachBalls!"
    },
    "Collect 100 BeachBalls",
    12,
    "Update"
)
2026-09-19T05:28:420.841Z,199.016096,Incoming:CoinsVFX,INFO Instance: CoinsVFX (RemoteEvent)
	Path: game:GetService("ReplicatedStorage").Events.CoinsVFX
	Status: Allowed
	Call Order In Log: 12
	-------------------- Event Data --------------------
	{
    CallOrderInLog = 12,
    DataFromHook = {
        Function = function(arg1, arg2, arg3, arg4)
            --[[Name: handle_coins_remote | Line: 165
            Upvalues: 3
            Function Hash: 659278b0711715b38d0d49ce4becee2a4a99edd641d0978c45cf4b3faa3f4262c0ae3801725d8f2842160440ca6e3326
            LuaEncode: Unable to serialize function]]
            return
        end,
        Arguments = {
            Vector3.new(1046.9978027344, 11.245533943176, 177.92872619629),
            5,
            5,
            "BeachBalls",
            n = 4
        },
        Origin = game:GetService("Players").LocalPlayer.PlayerScripts.CoinsDropHandler,
        IsExecutor = false,
        CreationTime = 1789824521.5756
    },
    EventType = "Incoming",
    RemoteInstanceInfo = {
        Path = "game:GetService(\"ReplicatedStorage\").Events.CoinsVFX",
        Name = "CoinsVFX",
        ClassName = "RemoteEvent"
    }
}
	-------------------- Generated Code --------------------
	-- This code was generated by Cobalt
-- https://gitlab.com/upio/cobalt

local Event = game:GetService("ReplicatedStorage").Events.CoinsVFX
firesignal(Event.OnClientEvent, 
    Vector3.new(1046.9978027344, 11.245533943176, 177.92872619629),
    5,
    5,
    "BeachBalls"
)
2026-09-19T05:28:420.956Z,199.130869,Incoming:Throw,INFO Instance: Throw (RemoteEvent)
	Path: game:GetService("ReplicatedStorage").Events.Throw
	Status: Allowed
	Call Order In Log: 14
	-------------------- Event Data --------------------
	{
    CallOrderInLog = 14,
    DataFromHook = {
        Function = function(arg1, arg2, arg3, arg4, arg5, arg6, arg7, arg8)
            --[[Name: Anonymous Function | Line: 320
            Upvalues: 0
            Function Hash: 277e19e1359a2bf76a657bf7dc7297aa13397724aafe1ebe11da13a1dbf204aab87c6acd52a47331f187c0b342321b65
            LuaEncode: Unable to serialize function]]
            return
        end,
        Arguments = {
            workspace.CurrentMap["Da Warehouse"].Map:GetChildren()[92],
            Vector3.new(1048.4078369141, 9.1955327987671, 166.61016845703),
            Vector3.new(0, 1, 0),
            workspace.voughn128.Knife.Hold,
            0.011111111111111,
            1,
            {
                Perk = "Footsteps",
                Upgrade = ""
            },
            1789795721.6158,
            n = 8
        },
        Origin = game:GetService("Players").LocalPlayer.PlayerScripts.KnifeReplication,
        IsExecutor = false,
        CreationTime = 1789824521.8014
    },
    EventType = "Incoming",
    RemoteInstanceInfo = {
        Path = "game:GetService(\"ReplicatedStorage\").Events.Throw",
        Name = "Throw",
        ClassName = "RemoteEvent"
    }
}
	-------------------- Generated Code --------------------
	-- This code was generated by Cobalt
-- https://gitlab.com/upio/cobalt

local Event = game:GetService("ReplicatedStorage").Events.Throw
firesignal(Event.OnClientEvent, 
    workspace.CurrentMap["Da Warehouse"].Map:GetChildren()[92],
    Vector3.new(1048.4078369141, 9.1955327987671, 166.61016845703),
    Vector3.new(0, 1, 0),
    workspace.voughn128.Knife.Hold,
    0.011111111111111,
    1,
    {
        Perk = "Footsteps",
        Upgrade = ""
    },
    1789795721.6158
)
2026-09-19T05:28:450.073Z,202.248397,Incoming:Throw,INFO Instance: Throw (RemoteEvent)
	Path: game:GetService("ReplicatedStorage").Events.Throw
	Status: Allowed
	Call Order In Log: 15
	-------------------- Event Data --------------------
	{
    CallOrderInLog = 15,
    DataFromHook = {
        Function = function(arg1, arg2, arg3, arg4, arg5, arg6, arg7, arg8)
            --[[Name: Anonymous Function | Line: 320
            Upvalues: 0
            Function Hash: 277e19e1359a2bf76a657bf7dc7297aa13397724aafe1ebe11da13a1dbf204aab87c6acd52a47331f187c0b342321b65
            LuaEncode: Unable to serialize function]]
            return
        end,
        Arguments = {
            workspace.CurrentMap["Da Warehouse"].Map:GetChildren()[11]:GetChildren()[2],
            Vector3.new(1043.5910644531, 14.505035400391, 163.86790466309),
            Vector3.new(0.94920009374619, 0, -0.31467306613922),
            workspace.voughn128.Knife.Hold,
            0.011111111111111,
            1,
            {
                Perk = "Footsteps",
                Upgrade = ""
            },
            1789795724.7601,
            n = 8
        },
        Origin = game:GetService("Players").LocalPlayer.PlayerScripts.KnifeReplication,
        IsExecutor = false,
        CreationTime = 1789824524.9369
    },
    EventType = "Incoming",
    RemoteInstanceInfo = {
        Path = "game:GetService(\"ReplicatedStorage\").Events.Throw",
        Name = "Throw",
        ClassName = "RemoteEvent"
    }
}
	-------------------- Generated Code --------------------
	-- This code was generated by Cobalt
-- https://gitlab.com/upio/cobalt

local Event = game:GetService("ReplicatedStorage").Events.Throw
firesignal(Event.OnClientEvent, 
    workspace.CurrentMap["Da Warehouse"].Map:GetChildren()[11]:GetChildren()[2],
    Vector3.new(1043.5910644531, 14.505035400391, 163.86790466309),
    Vector3.new(0.94920009374619, 0, -0.31467306613922),
    workspace.voughn128.Knife.Hold,
    0.011111111111111,
    1,
    {
        Perk = "Footsteps",
        Upgrade = ""
    },
    1789795724.7601
)
2026-09-19T05:28:460.947Z,203.122010,Incoming:Stab,INFO Instance: Stab (RemoteEvent)
	Path: game:GetService("ReplicatedStorage").Events.Stab
	Status: Allowed
	Call Order In Log: 47
	-------------------- Event Data --------------------
	{
    CallOrderInLog = 47,
    DataFromHook = {
        Function = function(arg1)
            --[[Name: Anonymous Function | Line: 329
            Upvalues: 2
            Function Hash: 3861402f0c018b0365dd8032d742c5e0bf789fa2b256b2f45db79b98ff1f1fb672699ac2fb8f403b80556d8eb7312ba1
            LuaEncode: Unable to serialize function]]
            return
        end,
        Arguments = {
            workspace.voughn128.Knife.Hold,
            n = 1
        },
        Origin = game:GetService("Players").LocalPlayer.PlayerScripts.KnifeReplication,
        IsExecutor = false,
        CreationTime = 1789824525.8791
    },
    EventType = "Incoming",
    RemoteInstanceInfo = {
        Path = "game:GetService(\"ReplicatedStorage\").Events.Stab",
        Name = "Stab",
        ClassName = "RemoteEvent"
    }
}
	-------------------- Generated Code --------------------
	-- This code was generated by Cobalt
-- https://gitlab.com/upio/cobalt

local Event = game:GetService("ReplicatedStorage").Events.Stab
firesignal(Event.OnClientEvent, 
    workspace.voughn128.Knife.Hold
)
2026-09-19T05:28:500.700Z,207.875485,Incoming:Throw,INFO Instance: Throw (RemoteEvent)
	Path: game:GetService("ReplicatedStorage").Events.Throw
	Status: Allowed
	Call Order In Log: 16
	-------------------- Event Data --------------------
	{
    CallOrderInLog = 16,
    DataFromHook = {
        Function = function(arg1, arg2, arg3, arg4, arg5, arg6, arg7, arg8)
            --[[Name: Anonymous Function | Line: 320
            Upvalues: 0
            Function Hash: 277e19e1359a2bf76a657bf7dc7297aa13397724aafe1ebe11da13a1dbf204aab87c6acd52a47331f187c0b342321b65
            LuaEncode: Unable to serialize function]]
            return
        end,
        Arguments = {
            workspace.CurrentMap["Da Warehouse"].Map:GetChildren()[133],
            Vector3.new(1109.4235839844, 13.326523780823, 229.42872619629),
            Vector3.new(0, 0, -1),
            workspace.voughn128.Knife.Hold,
            0.011111111111111,
            1,
            {
                Perk = "Footsteps",
                Upgrade = ""
            },
            1789795730.3173,
            n = 8
        },
        Origin = game:GetService("Players").LocalPlayer.PlayerScripts.KnifeReplication,
        IsExecutor = false,
        CreationTime = 1789824530.5983
    },
    EventType = "Incoming",
    RemoteInstanceInfo = {
        Path = "game:GetService(\"ReplicatedStorage\").Events.Throw",
        Name = "Throw",
        ClassName = "RemoteEvent"
    }
}
	-------------------- Generated Code --------------------
	-- This code was generated by Cobalt
-- https://gitlab.com/upio/cobalt

local Event = game:GetService("ReplicatedStorage").Events.Throw
firesignal(Event.OnClientEvent, 
    workspace.CurrentMap["Da Warehouse"].Map:GetChildren()[133],
    Vector3.new(1109.4235839844, 13.326523780823, 229.42872619629),
    Vector3.new(0, 0, -1),
    workspace.voughn128.Knife.Hold,
    0.011111111111111,
    1,
    {
        Perk = "Footsteps",
        Upgrade = ""
    },
    1789795730.3173
)
2026-09-19T05:28:510.614Z,208.789675,Incoming:QuestRemote,INFO Instance: QuestRemote (RemoteEvent)
	Path: game:GetService("ReplicatedStorage").QuestRemote
	Status: Allowed
	Call Order In Log: 5
	-------------------- Event Data --------------------
	{
    CallOrderInLog = 5,
    DataFromHook = {
        Function = function(arg1, arg2, arg3, arg4)
            --[[Name: Anonymous Function | Line: 103
            Upvalues: 3
            Function Hash: 853b1c5d2d13a43bd1dd2f80dad700a08c3323c55b3ed552400ca3d2869662af79958ea28c02403904cfcf12cfe69092
            LuaEncode: Unable to serialize function]]
            return
        end,
        Arguments = {
            {
                NeededProgress = 200,
                Description = "Collect %s/200 Coins!"
            },
            "Collect 200 Coins",
            37,
            "Update",
            n = 4
        },
        Origin = game:GetService("Players").LocalPlayer.PlayerScripts.QuestHandler,
        IsExecutor = false,
        CreationTime = 1789824531.5146
    },
    EventType = "Incoming",
    RemoteInstanceInfo = {
        Path = "game:GetService(\"ReplicatedStorage\").QuestRemote",
        Name = "QuestRemote",
        ClassName = "RemoteEvent"
    }
}
	-------------------- Generated Code --------------------
	-- This code was generated by Cobalt
-- https://gitlab.com/upio/cobalt

local Event = game:GetService("ReplicatedStorage").QuestRemote
firesignal(Event.OnClientEvent, 
    {
        NeededProgress = 200,
        Description = "Collect %s/200 Coins!"
    },
    "Collect 200 Coins",
    37,
    "Update"
)
2026-09-19T05:28:510.673Z,208.848500,Incoming:CoinsVFX,INFO Instance: CoinsVFX (RemoteEvent)
	Path: game:GetService("ReplicatedStorage").Events.CoinsVFX
	Status: Allowed
	Call Order In Log: 13
	-------------------- Event Data --------------------
	{
    CallOrderInLog = 13,
    DataFromHook = {
        Function = function(arg1, arg2, arg3, arg4)
            --[[Name: handle_coins_remote | Line: 165
            Upvalues: 3
            Function Hash: 659278b0711715b38d0d49ce4becee2a4a99edd641d0978c45cf4b3faa3f4262c0ae3801725d8f2842160440ca6e3326
            LuaEncode: Unable to serialize function]]
            return
        end,
        Arguments = {
            Vector3.new(1067.9978027344, 11.245533943176, 226.92872619629),
            10,
            10,
            "Coins",
            n = 4
        },
        Origin = game:GetService("Players").LocalPlayer.PlayerScripts.CoinsDropHandler,
        IsExecutor = false,
        CreationTime = 1789824531.5151
    },
    EventType = "Incoming",
    RemoteInstanceInfo = {
        Path = "game:GetService(\"ReplicatedStorage\").Events.CoinsVFX",
        Name = "CoinsVFX",
        ClassName = "RemoteEvent"
    }
}
	-------------------- Generated Code --------------------
	-- This code was generated by Cobalt
-- https://gitlab.com/upio/cobalt

local Event = game:GetService("ReplicatedStorage").Events.CoinsVFX
firesignal(Event.OnClientEvent, 
    Vector3.new(1067.9978027344, 11.245533943176, 226.92872619629),
    10,
    10,
    "Coins"
)
2026-09-19T05:28:510.743Z,208.918080,Incoming:Stab,INFO Instance: Stab (RemoteEvent)
	Path: game:GetService("ReplicatedStorage").Events.Stab
	Status: Allowed
	Call Order In Log: 48
	-------------------- Event Data --------------------
	{
    CallOrderInLog = 48,
    DataFromHook = {
        Function = function(arg1)
            --[[Name: Anonymous Function | Line: 329
            Upvalues: 2
            Function Hash: 3861402f0c018b0365dd8032d742c5e0bf789fa2b256b2f45db79b98ff1f1fb672699ac2fb8f403b80556d8eb7312ba1
            LuaEncode: Unable to serialize function]]
            return
        end,
        Arguments = {
            workspace.voughn128.Knife.Hold,
            n = 1
        },
        Origin = game:GetService("Players").LocalPlayer.PlayerScripts.KnifeReplication,
        IsExecutor = false,
        CreationTime = 1789824531.5971
    },
    EventType = "Incoming",
    RemoteInstanceInfo = {
        Path = "game:GetService(\"ReplicatedStorage\").Events.Stab",
        Name = "Stab",
        ClassName = "RemoteEvent"
    }
}
	-------------------- Generated Code --------------------
	-- This code was generated by Cobalt
-- https://gitlab.com/upio/cobalt

local Event = game:GetService("ReplicatedStorage").Events.Stab
firesignal(Event.OnClientEvent, 
    workspace.voughn128.Knife.Hold
)
2026-09-19T05:28:520.179Z,209.354686,Incoming:Stab,INFO Instance: Stab (RemoteEvent)
	Path: game:GetService("ReplicatedStorage").Events.Stab
	Status: Allowed
	Call Order In Log: 49
	-------------------- Event Data --------------------
	{
    CallOrderInLog = 49,
    DataFromHook = {
        Function = function(arg1)
            --[[Name: Anonymous Function | Line: 329
            Upvalues: 2
            Function Hash: 3861402f0c018b0365dd8032d742c5e0bf789fa2b256b2f45db79b98ff1f1fb672699ac2fb8f403b80556d8eb7312ba1
            LuaEncode: Unable to serialize function]]
            return
        end,
        Arguments = {
            workspace.voughn128.Knife.Hold,
            n = 1
        },
        Origin = game:GetService("Players").LocalPlayer.PlayerScripts.KnifeReplication,
        IsExecutor = false,
        CreationTime = 1789824532.1063
    },
    EventType = "Incoming",
    RemoteInstanceInfo = {
        Path = "game:GetService(\"ReplicatedStorage\").Events.Stab",
        Name = "Stab",
        ClassName = "RemoteEvent"
    }
}
	-------------------- Generated Code --------------------
	-- This code was generated by Cobalt
-- https://gitlab.com/upio/cobalt

local Event = game:GetService("ReplicatedStorage").Events.Stab
firesignal(Event.OnClientEvent, 
    workspace.voughn128.Knife.Hold
)
2026-09-19T05:28:530.250Z,210.424935,Incoming:Stab,INFO Instance: Stab (RemoteEvent)
	Path: game:GetService("ReplicatedStorage").Events.Stab
	Status: Allowed
	Call Order In Log: 50
	-------------------- Event Data --------------------
	{
    CallOrderInLog = 50,
    DataFromHook = {
        Function = function(arg1)
            --[[Name: Anonymous Function | Line: 329
            Upvalues: 2
            Function Hash: 3861402f0c018b0365dd8032d742c5e0bf789fa2b256b2f45db79b98ff1f1fb672699ac2fb8f403b80556d8eb7312ba1
            LuaEncode: Unable to serialize function]]
            return
        end,
        Arguments = {
            workspace.voughn128.Knife.Hold,
            n = 1
        },
        Origin = game:GetService("Players").LocalPlayer.PlayerScripts.KnifeReplication,
        IsExecutor = false,
        CreationTime = 1789824533.0892
    },
    EventType = "Incoming",
    RemoteInstanceInfo = {
        Path = "game:GetService(\"ReplicatedStorage\").Events.Stab",
        Name = "Stab",
        ClassName = "RemoteEvent"
    }
}
	-------------------- Generated Code --------------------
	-- This code was generated by Cobalt
-- https://gitlab.com/upio/cobalt

local Event = game:GetService("ReplicatedStorage").Events.Stab
firesignal(Event.OnClientEvent, 
    workspace.voughn128.Knife.Hold
)
2026-09-19T05:28:530.650Z,210.825484,Incoming:Stab,INFO Instance: Stab (RemoteEvent)
	Path: game:GetService("ReplicatedStorage").Events.Stab
	Status: Allowed
	Call Order In Log: 51
	-------------------- Event Data --------------------
	{
    CallOrderInLog = 51,
    DataFromHook = {
        Function = function(arg1)
            --[[Name: Anonymous Function | Line: 329
            Upvalues: 2
            Function Hash: 3861402f0c018b0365dd8032d742c5e0bf789fa2b256b2f45db79b98ff1f1fb672699ac2fb8f403b80556d8eb7312ba1
            LuaEncode: Unable to serialize function]]
            return
        end,
        Arguments = {
            workspace.voughn128.Knife.Hold,
            n = 1
        },
        Origin = game:GetService("Players").LocalPlayer.PlayerScripts.KnifeReplication,
        IsExecutor = false,
        CreationTime = 1789824533.5728
    },
    EventType = "Incoming",
    RemoteInstanceInfo = {
        Path = "game:GetService(\"ReplicatedStorage\").Events.Stab",
        Name = "Stab",
        ClassName = "RemoteEvent"
    }
}
	-------------------- Generated Code --------------------
	-- This code was generated by Cobalt
-- https://gitlab.com/upio/cobalt

local Event = game:GetService("ReplicatedStorage").Events.Stab
firesignal(Event.OnClientEvent, 
    workspace.voughn128.Knife.Hold
)
2026-09-19T05:28:540.009Z,211.184183,Incoming:Stab,INFO Instance: Stab (RemoteEvent)
	Path: game:GetService("ReplicatedStorage").Events.Stab
	Status: Allowed
	Call Order In Log: 52
	-------------------- Event Data --------------------
	{
    CallOrderInLog = 52,
    DataFromHook = {
        Function = function(arg1)
            --[[Name: Anonymous Function | Line: 329
            Upvalues: 2
            Function Hash: 3861402f0c018b0365dd8032d742c5e0bf789fa2b256b2f45db79b98ff1f1fb672699ac2fb8f403b80556d8eb7312ba1
            LuaEncode: Unable to serialize function]]
            return
        end,
        Arguments = {
            workspace.voughn128.Knife.Hold,
            n = 1
        },
        Origin = game:GetService("Players").LocalPlayer.PlayerScripts.KnifeReplication,
        IsExecutor = false,
        CreationTime = 1789824533.9339
    },
    EventType = "Incoming",
    RemoteInstanceInfo = {
        Path = "game:GetService(\"ReplicatedStorage\").Events.Stab",
        Name = "Stab",
        ClassName = "RemoteEvent"
    }
}
	-------------------- Generated Code --------------------
	-- This code was generated by Cobalt
-- https://gitlab.com/upio/cobalt

local Event = game:GetService("ReplicatedStorage").Events.Stab
firesignal(Event.OnClientEvent, 
    workspace.voughn128.Knife.Hold
)
2026-09-19T05:28:540.530Z,211.705195,Incoming:Stab,INFO Instance: Stab (RemoteEvent)
	Path: game:GetService("ReplicatedStorage").Events.Stab
	Status: Allowed
	Call Order In Log: 53
	-------------------- Event Data --------------------
	{
    CallOrderInLog = 53,
    DataFromHook = {
        Function = function(arg1)
            --[[Name: Anonymous Function | Line: 329
            Upvalues: 2
            Function Hash: 3861402f0c018b0365dd8032d742c5e0bf789fa2b256b2f45db79b98ff1f1fb672699ac2fb8f403b80556d8eb7312ba1
            LuaEncode: Unable to serialize function]]
            return
        end,
        Arguments = {
            workspace.voughn128.Knife.Hold,
            n = 1
        },
        Origin = game:GetService("Players").LocalPlayer.PlayerScripts.KnifeReplication,
        IsExecutor = false,
        CreationTime = 1789824534.4452
    },
    EventType = "Incoming",
    RemoteInstanceInfo = {
        Path = "game:GetService(\"ReplicatedStorage\").Events.Stab",
        Name = "Stab",
        ClassName = "RemoteEvent"
    }
}
	-------------------- Generated Code --------------------
	-- This code was generated by Cobalt
-- https://gitlab.com/upio/cobalt

local Event = game:GetService("ReplicatedStorage").Events.Stab
firesignal(Event.OnClientEvent, 
    workspace.voughn128.Knife.Hold
)
2026-09-19T05:28:550.951Z,212.125876,Incoming:Stab,INFO Instance: Stab (RemoteEvent)
	Path: game:GetService("ReplicatedStorage").Events.Stab
	Status: Allowed
	Call Order In Log: 54
	-------------------- Event Data --------------------
	{
    CallOrderInLog = 54,
    DataFromHook = {
        Function = function(arg1)
            --[[Name: Anonymous Function | Line: 329
            Upvalues: 2
            Function Hash: 3861402f0c018b0365dd8032d742c5e0bf789fa2b256b2f45db79b98ff1f1fb672699ac2fb8f403b80556d8eb7312ba1
            LuaEncode: Unable to serialize function]]
            return
        end,
        Arguments = {
            workspace.voughn128.Knife.Hold,
            n = 1
        },
        Origin = game:GetService("Players").LocalPlayer.PlayerScripts.KnifeReplication,
        IsExecutor = false,
        CreationTime = 1789824534.8636
    },
    EventType = "Incoming",
    RemoteInstanceInfo = {
        Path = "game:GetService(\"ReplicatedStorage\").Events.Stab",
        Name = "Stab",
        ClassName = "RemoteEvent"
    }
}
	-------------------- Generated Code --------------------
	-- This code was generated by Cobalt
-- https://gitlab.com/upio/cobalt

local Event = game:GetService("ReplicatedStorage").Events.Stab
firesignal(Event.OnClientEvent, 
    workspace.voughn128.Knife.Hold
)
2026-09-19T05:28:550.558Z,212.733378,Outgoing:RemoteEvent,INFO Instance: RemoteEvent (RemoteEvent)
	Path: game:GetService("Players").LocalPlayer.Character.Revolver.RemoteEvent
	Status: Allowed
	Call Order In Log: 1
	-------------------- Event Data --------------------
	{
    CallOrderInLog = 1,
    DataFromHook = {
        Function = function(...)
            --[[Name: Anonymous Function | Line: 2503
            Upvalues: 4
            Function Hash: ad942bf8d55a82ff8f15f2e471b080ff6753434912388b72245ed008117bf4d3d343f1deedd8ab849280937695e318a8
            LuaEncode: Unable to serialize function]]
            return
        end,
        Arguments = {
            "Fire",
            workspace.voughn128.RightLowerArm,
            Vector3.new(1047.583984375, 12.834431648254, 214.31289672852),
            Vector3.new(0.29668495059013, 0.91186183691025, -0.28370028734207),
            1,
            n = 5
        },
        Source = "pDPUWiqqAZcWQxlHSAgfVhOre",
        Origin = game:GetService("Players").LocalPlayer.Character.Revolver.GunClient,
        IsExecutor = false,
        CreationTime = 1789824535.3941,
        Line = 2515
    },
    EventType = "Outgoing",
    RemoteInstanceInfo = {
        Path = "game:GetService(\"Players\").LocalPlayer.Character.Revolver.RemoteEvent",
        Name = "RemoteEvent",
        ClassName = "RemoteEvent"
    }
}
	-------------------- Generated Code --------------------
	-- This code was generated by Cobalt
-- https://gitlab.com/upio/cobalt

local Event = game:GetService("Players").LocalPlayer.Character.Revolver.RemoteEvent
Event:FireServer(
    "Fire",
    workspace.voughn128.RightLowerArm,
    Vector3.new(1047.583984375, 12.834431648254, 214.31289672852),
    Vector3.new(0.29668495059013, 0.91186183691025, -0.28370028734207),
    1
)
2026-09-19T05:28:550.675Z,212.850088,Outgoing:RemoteEvent,INFO Instance: RemoteEvent (RemoteEvent)
	Path: game:GetService("Players").LocalPlayer.Character.Revolver.RemoteEvent
	Status: Allowed
	Call Order In Log: 2
	-------------------- Event Data --------------------
	{
    CallOrderInLog = 2,
    DataFromHook = {
        Function = function(...)
            --[[Name: Anonymous Function | Line: 2503
            Upvalues: 4
            Function Hash: ad942bf8d55a82ff8f15f2e471b080ff6753434912388b72245ed008117bf4d3d343f1deedd8ab849280937695e318a8
            LuaEncode: Unable to serialize function]]
            return
        end,
        Arguments = {
            "Hit",
            workspace.voughn128.Humanoid,
            workspace.voughn128.RightLowerArm,
            n = 3
        },
        Source = "pDPUWiqqAZcWQxlHSAgfVhOre",
        Origin = game:GetService("Players").LocalPlayer.Character.Revolver.GunClient,
        IsExecutor = false,
        CreationTime = 1789824535.3948,
        Line = 2515
    },
    EventType = "Outgoing",
    RemoteInstanceInfo = {
        Path = "game:GetService(\"Players\").LocalPlayer.Character.Revolver.RemoteEvent",
        Name = "RemoteEvent",
        ClassName = "RemoteEvent"
    }
}
	-------------------- Generated Code --------------------
	-- This code was generated by Cobalt
-- https://gitlab.com/upio/cobalt

local Event = game:GetService("Players").LocalPlayer.Character.Revolver.RemoteEvent
Event:FireServer(
    "Hit",
    workspace.voughn128.Humanoid,
    workspace.voughn128.RightLowerArm
)
2026-09-19T05:28:550.757Z,212.932388,Incoming:Stab,INFO Instance: Stab (RemoteEvent)
	Path: game:GetService("ReplicatedStorage").Events.Stab
	Status: Allowed
	Call Order In Log: 55
	-------------------- Event Data --------------------
	{
    CallOrderInLog = 55,
    DataFromHook = {
        Function = function(arg1)
            --[[Name: Anonymous Function | Line: 329
            Upvalues: 2
            Function Hash: 3861402f0c018b0365dd8032d742c5e0bf789fa2b256b2f45db79b98ff1f1fb672699ac2fb8f403b80556d8eb7312ba1
            LuaEncode: Unable to serialize function]]
            return
        end,
        Arguments = {
            workspace.voughn128.Knife.Hold,
            n = 1
        },
        Origin = game:GetService("Players").LocalPlayer.PlayerScripts.KnifeReplication,
        IsExecutor = false,
        CreationTime = 1789824535.6153
    },
    EventType = "Incoming",
    RemoteInstanceInfo = {
        Path = "game:GetService(\"ReplicatedStorage\").Events.Stab",
        Name = "Stab",
        ClassName = "RemoteEvent"
    }
}
	-------------------- Generated Code --------------------
	-- This code was generated by Cobalt
-- https://gitlab.com/upio/cobalt

local Event = game:GetService("ReplicatedStorage").Events.Stab
firesignal(Event.OnClientEvent, 
    workspace.voughn128.Knife.Hold
)
2026-09-19T05:28:560.865Z,213.040281,Incoming:KnifeHit,INFO Instance: KnifeHit (RemoteEvent)
	Path: game:GetService("ReplicatedStorage").Events.KnifeHit
	Status: Allowed
	Call Order In Log: 8
	-------------------- Event Data --------------------
	{
    CallOrderInLog = 8,
    DataFromHook = {
        Function = function(arg1, arg2)
            --[[Name: Anonymous Function | Line: 324
            Upvalues: 1
            Function Hash: 94f43b81f8008cf6fbbb9c34189f2bd258738e803e4a551198173fef7e349aff352862380b1f1cff43f23b849c3ead97
            LuaEncode: Unable to serialize function]]
            return
        end,
        Arguments = {
            game:GetService("Players").LocalPlayer.Character.HumanoidRootPart,
            "Toasty Marshmallow",
            n = 2
        },
        Origin = game:GetService("Players").LocalPlayer.PlayerScripts.KnifeReplication,
        IsExecutor = false,
        CreationTime = 1789824535.6159
    },
    EventType = "Incoming",
    RemoteInstanceInfo = {
        Path = "game:GetService(\"ReplicatedStorage\").Events.KnifeHit",
        Name = "KnifeHit",
        ClassName = "RemoteEvent"
    }
}
	-------------------- Generated Code --------------------
	-- This code was generated by Cobalt
-- https://gitlab.com/upio/cobalt

local Event = game:GetService("ReplicatedStorage").Events.KnifeHit
firesignal(Event.OnClientEvent, 
    game:GetService("Players").LocalPlayer.Character.HumanoidRootPart,
    "Toasty Marshmallow"
)
2026-09-19T05:28:560.955Z,213.130188,Incoming:CoinsVFX,INFO Instance: CoinsVFX (RemoteEvent)
	Path: game:GetService("ReplicatedStorage").Events.CoinsVFX
	Status: Allowed
	Call Order In Log: 14
	-------------------- Event Data --------------------
	{
    CallOrderInLog = 14,
    DataFromHook = {
        Function = function(arg1, arg2, arg3, arg4)
            --[[Name: handle_coins_remote | Line: 165
            Upvalues: 3
            Function Hash: 659278b0711715b38d0d49ce4becee2a4a99edd641d0978c45cf4b3faa3f4262c0ae3801725d8f2842160440ca6e3326
            LuaEncode: Unable to serialize function]]
            return
        end,
        Arguments = {
            Vector3.new(1044.1818847656, 12.573307037354, 210.92916870117),
            5,
            5,
            "Gems",
            n = 4
        },
        Origin = game:GetService("Players").LocalPlayer.PlayerScripts.CoinsDropHandler,
        IsExecutor = false,
        CreationTime = 1789824535.8053
    },
    EventType = "Incoming",
    RemoteInstanceInfo = {
        Path = "game:GetService(\"ReplicatedStorage\").Events.CoinsVFX",
        Name = "CoinsVFX",
        ClassName = "RemoteEvent"
    }
}
	-------------------- Generated Code --------------------
	-- This code was generated by Cobalt
-- https://gitlab.com/upio/cobalt

local Event = game:GetService("ReplicatedStorage").Events.CoinsVFX
firesignal(Event.OnClientEvent, 
    Vector3.new(1044.1818847656, 12.573307037354, 210.92916870117),
    5,
    5,
    "Gems"
)
2026-09-19T05:28:560.042Z,213.216854,Incoming:QuestRemote,INFO Instance: QuestRemote (RemoteEvent)
	Path: game:GetService("ReplicatedStorage").QuestRemote
	Status: Allowed
	Call Order In Log: 6
	-------------------- Event Data --------------------
	{
    CallOrderInLog = 6,
    DataFromHook = {
        Function = function(arg1, arg2, arg3, arg4)
            --[[Name: Anonymous Function | Line: 103
            Upvalues: 3
            Function Hash: db72b32510c7a40ce663f4ea7d525ef401aa6487b27968954bf687f7c21ac074c6ad10f33ca652ea6f4eaf4d73240b40
            LuaEncode: Unable to serialize function]]
            return
        end,
        Arguments = {
            {
                NeededProgress = 3,
                Description = "Shoot %s/3 Murderers!"
            },
            "Shoot 3 Murderers",
            3,
            "Complete",
            n = 4
        },
        Origin = game:GetService("Players").LocalPlayer.PlayerScripts.QuestHandler,
        IsExecutor = false,
        CreationTime = 1789824535.8209
    },
    EventType = "Incoming",
    RemoteInstanceInfo = {
        Path = "game:GetService(\"ReplicatedStorage\").QuestRemote",
        Name = "QuestRemote",
        ClassName = "RemoteEvent"
    }
}
	-------------------- Generated Code --------------------
	-- This code was generated by Cobalt
-- https://gitlab.com/upio/cobalt

local Event = game:GetService("ReplicatedStorage").QuestRemote
firesignal(Event.OnClientEvent, 
    {
        NeededProgress = 3,
        Description = "Shoot %s/3 Murderers!"
    },
    "Shoot 3 Murderers",
    3,
    "Complete"
)
2026-09-19T05:28:560.162Z,213.337223,Incoming:WeeklyQuest,INFO Instance: WeeklyQuest (RemoteEvent)
	Path: game:GetService("ReplicatedStorage").Events.WeeklyQuest
	Status: Allowed
	Call Order In Log: 3
	-------------------- Event Data --------------------
	{
    CallOrderInLog = 3,
    DataFromHook = {
        Function = function(arg1, arg2, arg3, arg4)
            --[[Name: Anonymous Function | Line: 196
            Upvalues: 4
            Function Hash: e921ec44b26b074336f21afd32f264b7f72ddb79e4ff145e27a14cb6dd116d0451ebc387f1e511701b0b8fc0e9055113
            LuaEncode: Unable to serialize function]]
            return
        end,
        Arguments = {
            {
                NeededProgress = 30,
                Description = "Shoot %s/30 Murderers!"
            },
            "Shoot 30 Murderers",
            3,
            "Update",
            n = 4
        },
        Origin = game:GetService("Players").LocalPlayer.PlayerScripts.QuestHandler,
        IsExecutor = false,
        CreationTime = 1789824535.8219
    },
    EventType = "Incoming",
    RemoteInstanceInfo = {
        Path = "game:GetService(\"ReplicatedStorage\").Events.WeeklyQuest",
        Name = "WeeklyQuest",
        ClassName = "RemoteEvent"
    }
}
	-------------------- Generated Code --------------------
	-- This code was generated by Cobalt
-- https://gitlab.com/upio/cobalt

local Event = game:GetService("ReplicatedStorage").Events.WeeklyQuest
firesignal(Event.OnClientEvent, 
    {
        NeededProgress = 30,
        Description = "Shoot %s/30 Murderers!"
    },
    "Shoot 30 Murderers",
    3,
    "Update"
)
2026-09-19T05:28:560.769Z,213.944338,Incoming:EndRound,INFO Instance: EndRound (RemoteEvent)
	Path: game:GetService("ReplicatedStorage").Events.EndRound
	Status: Allowed
	Call Order In Log: 2
	-------------------- Event Data --------------------
	{
    CallOrderInLog = 2,
    DataFromHook = {
        Function = function(arg1, arg2)
            --[[Name: Anonymous Function | Line: 1095
            Upvalues: 16
            Function Hash: 18ac5bf72ad54110914e3236e3c0062b83a6d9429bdfe40368b38dd54b10c21e2856d0a98637fca53908a087fdf6a65b
            LuaEncode: Unable to serialize function]]
            return
        end,
        Arguments = {
            "Classic",
            {
                dodonee_1006 = {
                    Won = true,
                    Gems = 1,
                    Rewards = {},
                    Exp = 425
                },
                Plr2 = "https://www.roblox.com/headshot-thumbnail/image?userId=11584627792&width=420&height=420&format=png",
                Plr1 = "https://www.roblox.com/headshot-thumbnail/image?userId=7263193358&width=420&height=420&format=png",
                ResultColor = Color3.new(0, 1, 0),
                SheriffEffect = "",
                SheriffSkin = "Magic Gun",
                cgf6778 = {
                    Won = true,
                    Gems = 1,
                    Rewards = {},
                    Exp = 425
                },
                alswns212 = {
                    Rewards = {},
                    Gems = 0,
                    Exp = 240
                },
                afgikktfjrsiy = {
                    OldLevel = 3,
                    Rewards = {
                        Exp = "Survived 84 Seconds! <font color=\"rgb(0,255,0)\">+420 exp</font>"
                    },
                    Gems = 0,
                    Exp = 420
                },
                voughn128 = {
                    OldLevel = 22,
                    Rewards = {
                        Exp = "Killed 4 Players! <font color=\"rgb(0,255,0)\">+600 exp</font>"
                    },
                    Gems = 0,
                    Exp = 425
                },
                Murderer = game:GetService("Players").voughn128,
                joebeth89 = {
                    OldLevel = 20,
                    Rewards = {
                        Exp = "Survived 40 Seconds! <font color=\"rgb(0,255,0)\">+200 exp</font>"
                    },
                    Gems = 0,
                    Exp = 200
                },
                jack_357096 = {
                    Exp = 425,
                    Gems = 1,
                    OldLevel = 20,
                    Won = true,
                    Rewards = {
                        Exp = "Survived 85 Seconds! <font color=\"rgb(0,255,0)\">+425 exp</font>"
                    }
                },
                MurdererEffect = "Skeleton",
                Sheriff = game:GetService("Players").LocalPlayer,
                Roles = {
                    ["<Instance> (cgf6778)"] = "Medic",
                    ["<Instance> (blueberry_cupcake099)"] = "Detective",
                    ["<Instance> (afgikktfjrsiy)"] = "Sheriff",
                    ["<Instance> (joebeth89)"] = "Agent",
                    ["<Instance> (jack_357096)"] = "Wizard",
                    ["<Instance> (dodonee_1006)"] = "Chemist",
                    ["<Instance> (alswns212)"] = "Slapper",
                    ["<Instance> (voughn128)"] = "Murderer"
                },
                MurdererSkin = "Toasty Marshmallow",
                blueberry_cupcake099 = {
                    Won = true,
                    Gems = 1,
                    Rewards = {},
                    Exp = 425
                },
                Result = "The innocent win!"
            },
            n = 2
        },
        Origin = game:GetService("Players").LocalPlayer.PlayerScripts.LocalRound,
        IsExecutor = false,
        CreationTime = 1789824536.5679
    },
    EventType = "Incoming",
    RemoteInstanceInfo = {
        Path = "game:GetService(\"ReplicatedStorage\").Events.EndRound",
        Name = "EndRound",
        ClassName = "RemoteEvent"
    }
}
	-------------------- Generated Code --------------------
	-- This code was generated by Cobalt
-- https://gitlab.com/upio/cobalt

local Event = game:GetService("ReplicatedStorage").Events.EndRound
firesignal(Event.OnClientEvent, 
    "Classic",
    {
        dodonee_1006 = {
            Won = true,
            Gems = 1,
            Rewards = {},
            Exp = 425
        },
        Plr2 = "https://www.roblox.com/headshot-thumbnail/image?userId=11584627792&width=420&height=420&format=png",
        Plr1 = "https://www.roblox.com/headshot-thumbnail/image?userId=7263193358&width=420&height=420&format=png",
        ResultColor = Color3.new(0, 1, 0),
        SheriffEffect = "",
        SheriffSkin = "Magic Gun",
        cgf6778 = {
            Won = true,
            Gems = 1,
            Rewards = {},
            Exp = 425
        },
        alswns212 = {
            Rewards = {},
            Gems = 0,
            Exp = 240
        },
        afgikktfjrsiy = {
            OldLevel = 3,
            Rewards = {
                Exp = "Survived 84 Seconds! <font color=\"rgb(0,255,0)\">+420 exp</font>"
            },
            Gems = 0,
            Exp = 420
        },
        voughn128 = {
            OldLevel = 22,
            Rewards = {
                Exp = "Killed 4 Players! <font color=\"rgb(0,255,0)\">+600 exp</font>"
            },
            Gems = 0,
            Exp = 425
        },
        Murderer = game:GetService("Players").voughn128,
        joebeth89 = {
            OldLevel = 20,
            Rewards = {
                Exp = "Survived 40 Seconds! <font color=\"rgb(0,255,0)\">+200 exp</font>"
            },
            Gems = 0,
            Exp = 200
        },
        jack_357096 = {
            Exp = 425,
            Gems = 1,
            OldLevel = 20,
            Won = true,
            Rewards = {
                Exp = "Survived 85 Seconds! <font color=\"rgb(0,255,0)\">+425 exp</font>"
            }
        },
        MurdererEffect = "Skeleton",
        Sheriff = game:GetService("Players").LocalPlayer,
        Roles = {
            ["<Instance> (cgf6778)"] = "Medic",
            ["<Instance> (blueberry_cupcake099)"] = "Detective",
            ["<Instance> (afgikktfjrsiy)"] = "Sheriff",
            ["<Instance> (joebeth89)"] = "Agent",
            ["<Instance> (jack_357096)"] = "Wizard",
            ["<Instance> (dodonee_1006)"] = "Chemist",
            ["<Instance> (alswns212)"] = "Slapper",
            ["<Instance> (voughn128)"] = "Murderer"
        },
        MurdererSkin = "Toasty Marshmallow",
        blueberry_cupcake099 = {
            Won = true,
            Gems = 1,
            Rewards = {},
            Exp = 425
        },
        Result = "The innocent win!"
    }
)
2026-09-19T05:29:110.896Z,228.071356,Incoming:CoinJar,INFO Instance: CoinJar (RemoteEvent)
	Path: game:GetService("ReplicatedStorage").Events.CoinJar
	Status: Allowed
	Call Order In Log: 2
	-------------------- Event Data --------------------
	{
    CallOrderInLog = 2,
    DataFromHook = {
        Function = function(arg1)
            --[[Name: Anonymous Function | Line: 3164
            Upvalues: 1
            Function Hash: be34117755524cc1681df55726af32742be0ef4d197cf559a486840650f9b1d04321c3e69c3419d5f8e8f0675a5c7007
            LuaEncode: Unable to serialize function]]
            return
        end,
        Arguments = {
            30,
            n = 1
        },
        Origin = game:GetService("Players").LocalPlayer.PlayerScripts.ClientMain,
        IsExecutor = false,
        CreationTime = 1789824550.7689
    },
    EventType = "Incoming",
    RemoteInstanceInfo = {
        Path = "game:GetService(\"ReplicatedStorage\").Events.CoinJar",
        Name = "CoinJar",
        ClassName = "RemoteEvent"
    }
}
	-------------------- Generated Code --------------------
	-- This code was generated by Cobalt
-- https://gitlab.com/upio/cobalt

local Event = game:GetService("ReplicatedStorage").Events.CoinJar
firesignal(Event.OnClientEvent, 
    30
)
